table_order,featureid,mz,rt,DTXSID,DB_name,name_original,Formula,of_interest,group,mean_visit1,mean_N_OW
233,104.10708-62.7,104.107,62.7,DTXSID5031210,DTXSID5031210,Dimepranol,C5H13NO,3,nurse, ,3184893.026
2,269.1321-459.9,269.1321,459.9,DTXSID0020862,DTXSID0020862,"3-Methylcholanthrene,,3-METHYLCHOLANTHRENE","C21H16, C21H16",NA,firefighter,7139.655007, 
234,104.1071-67,104.107,67,DTXSID5031210,DTXSID5031210,Dimepranol,C5H13NO,3,nurse, ,5142567.688
4,463.16357-702.8,463.16357,702.8,DTXSID0022436,DTXSID0022436-BTMR0167,"Diphenolic,acid,,Diphenolic,acid","C17H18O4, C17H18O4",NA,firefighter,2363.219079, 
5,463.16357-702.8,463.16357,702.8,DTXSID0022436,DTXSID0022436-BTMR0166,"Diphenolic,acid,,Diphenolic,acid","C17H18O4, C17H18O4",NA,firefighter,2363.219079, 
235,104.10728-70.3,104.107,70.3,DTXSID5031210,DTXSID5031210,Dimepranol,C5H13NO,3,nurse, ,4748789.095
236,132.10183-85.1,132.102,85.1,DTXSID2022090,DTXSID2022090,4-(2-Hydroxyethyl)morpholine,C6H13NO2,3,nurse, ,600963.4413
237,132.10183-85.1,132.102,85.1,DTXSID2064600,DTXSID2064600,"Sodium,6-aminohexanoate",C6H13NO2,3,nurse, ,600963.4413
9,301.17708-772.8,301.17708,772.8,DTXSID0032572,DTXSID0032572,"Prallethrin,,Prallethrin","C19H24O3, C19H24O3",yes,firefighter,9435.230197, 
10,301.17912-438.5,301.17912,438.5,DTXSID0032572,DTXSID0032572,"Prallethrin,,Prallethrin","C19H24O3, C19H24O3",yes,firefighter,4691.291178, 
21,135.11667-707.3,135.117,707.3,DTXSID1029124,DTXSID1029124,"1,2,4,5-Tetramethylbenzene,,1,2,4,5-Tetramethylbenzene","C10H14, C10H14",yes,firefighter,56544.83852, 
32,135.11667-707.3,135.117,707.3,DTXSID2022333,DTXSID2022333,sec-Butylbenzene,C10H14,yes,firefighter,56544.83852, 
46,135.11667-707.3,135.117,707.3,DTXSID3047138,DTXSID3047138,tert-Butylbenzene,C10H14,yes,firefighter,56544.83852, 
61,135.11667-707.3,135.117,707.3,DTXSID4026711,DTXSID4026711,"1,4-Diethylbenzene",C10H14,yes,firefighter,56544.83852, 
88,135.11667-707.3,135.117,707.3,DTXSID6022472,DTXSID6022472,Butylbenzene,C10H14,yes,firefighter,56544.83852, 
92,135.11667-707.3,135.117,707.3,DTXSID6026119,DTXSID6026119,"1,2,3,5-Tetramethylbenzene",C10H14,yes,firefighter,56544.83852, 
209,136.07509-79.5,136.075,79.5,DTXSID70565479,DTXSID70565479-BTMR0167,"8-H-PERFLUOROOCTANOIC,ACID",C8H2F14O2,2,nurse, ,17198.75421
238,137.05982-288.9,137.06,288.9,DTXSID6021618,DTXSID6021618,"4-Methylbenzoic,acid",C8H8O2,3,nurse, ,56235.22095
239,137.05982-288.9,137.06,288.9,DTXSID7040285,DTXSID7040285,2-Hydroxyacetophenone,C8H8O2,3,nurse, ,56235.22095
240,137.05982-288.9,137.06,288.9,DTXSID0029133,DTXSID0029133,4-Hydroxyacetophenone,C8H8O2,3,nurse, ,56235.22095
241,137.05982-288.9,137.06,288.9,DTXSID3051626,DTXSID3051626,"Phenyl,acetate",C8H8O2,3,nurse, ,56235.22095
14,137.09596-473.3,137.096,473.3,DTXSID0044571,DTXSID0044571,"3-Isopropylphenol,,3-Isopropylphenol","C9H12O, C9H12O",NA,firefighter,130992.3543, 
30,144.08079-168.3,144.081,168.3,DTXSID2020921,DTXSID2020921,"2-Naphthylamine,,2-Naphthylamine,,2-Naphthylamine,,2-Naphthylamine","C10H9N, C10H9N, C10H9N, C10H9N",NA,firefighter,474751.1573, 
242,144.08072-185.9,144.081,185.9,DTXSID2020921,DTXSID2020921,2-Naphthylamine,C10H9N,1,nurse, ,188560.8936
243,144.08072-185.9,144.081,185.9,DTXSID3020887,DTXSID3020887,6-Methylquinoline,C10H9N,3,nurse, ,188560.8936
244,144.08072-185.9,144.081,185.9,DTXSID3040271,DTXSID3040271,Quinaldine,C10H9N,3,nurse, ,188560.8936
27,361.13821-359.7,361.13821,359.7,DTXSID2020137,DTXSID2020137-BTMR0171,"Benzidine,,Benzidine,,Benzidine,,BENZIDINE","C12H12N2, C12H12N2, C12H12N2, C12H12N2",NA,firefighter,7292.925851, 
245,144.08072-185.9,144.081,185.9,DTXSID5025657,DTXSID5025657,7-Methylquinoline,C10H9N,3,nurse, ,188560.8936
246,144.08072-185.9,144.081,185.9,DTXSID7047067,DTXSID7047067,Lepidine,C10H9N,3,nurse, ,188560.8936
247,144.08072-189.9,144.081,189.9,DTXSID2020921,DTXSID2020921,2-Naphthylamine,C10H9N,1,nurse, ,148403.7141
248,146.06016-165.3,146.06,165.3,DTXSID00620545,DTXSID00620545,"N,N-DIMETHYL-2H-PERFLUOROETHANAMINE",C4H7F4N,1,nurse, ,231259.9624
249,146.06016-169.2,146.06,169.2,DTXSID00620545,DTXSID00620545,"N,N-DIMETHYL-2H-PERFLUOROETHANAMINE",C4H7F4N,1,nurse, ,216227.7692
250,146.09233-73.5,146.092,73.5,DTXSID20197820,DTXSID20197820,"N,N'-DIETHYL-N-NITROSOUREA",C5H11N3O2,3,nurse, ,219710.5108
251,146.09233-73.5,146.092,73.5,DTXSID2020214,DTXSID2020214,N-N-BUTYL-N-NITROSOUREA,C5H11N3O2,3,nurse, ,219710.5108
252,148.06072-45.2,148.061,45.2,DTXSID5020659,DTXSID5020659,"L-Glutamic,acid",C5H9NO4,3,nurse, ,327128.2802
95,149.09593-613.3,149.096,613.3,DTXSID6048202,DTXSID6048202,"Isopropyl,phenyl,ketone,,Isopropyl,phenyl,ketone","C10H12O, C10H12O",NA,firefighter,114230.9799, 
37,285.14089-381.9,285.14089,381.9,DTXSID3021192,DTXSID3021192,"Promethazine,hydrochloride",C17H21ClN2S,yes,firefighter,8865.051062, 
38,285.14373-600,285.14373,600,DTXSID3021192,DTXSID3021192,"Promethazine,hydrochloride",C17H21ClN2S,yes,firefighter,4586.637651, 
254,152.10697-162.1,152.107,162.1,DTXSID3041293,DTXSID3041293,2-((Dimethylamino)methyl)phenol,C9H13NO,1,nurse, ,374409.945
42,152.10709-369.2,152.107,369.2,DTXSID3041293,DTXSID3041293,"2-((Dimethylamino)methyl)phenol,,2-((Dimethylamino)methyl)phenol","C9H13NO, C9H13NO",yes,firefighter,12196.02995, 
41,213.12757-1163.3,213.12757,1163.3,DTXSID3022536,DTXSID3022536,"4-Cumylphenol,,4-Cumylphenol,,4-Cumylphenol","C15H16O, C15H16O, C15H16O",NA,firefighter,2388.661105, 
256,153.06573-99.4,153.066,99.4,DTXSID4020959,DTXSID4020959,2-Methyl-5-nitroaniline,C7H8N2O2,2,nurse, ,195129.9631
53,153.06565-101.2,153.066,101.2,DTXSID4020959,DTXSID4020959,"2-Methyl-5-nitroaniline,,2-Methyl-5-nitroaniline,,2-Methyl-5-nitroaniline","C7H8N2O2, C7H8N2O2, C7H8N2O2",NA,firefighter,315804.9547, 
255,153.06566-104.6,153.066,104.6,DTXSID4020959,DTXSID4020959,2-Methyl-5-nitroaniline,C7H8N2O2,2,nurse, ,190021.2472
257,160.07569-122.2,160.076,122.2,DTXSID90276858,DTXSID90276858,"5-methyl-4-phenyl-1,3-oxazole",C10H9NO,3,nurse, ,151347.1768
258,165.0911-224.2,165.091,224.2,DTXSID7022413,DTXSID7022413,Isoeugenol,C10H12O2,1,nurse, ,23914.12978
259,165.09112-228.4,165.091,228.4,DTXSID7022413,DTXSID7022413,Isoeugenol,C10H12O2,1,nurse, ,22470.0089
48,289.21592-1163.3,289.21592,1163.3,DTXSID4020379,DTXSID4020379,"Dehydroepiandrosterone,,Dehydroepiandrosterone","C19H28O2, C19H28O2",NA,firefighter,3656.254997, 
49,289.21605-597.2,289.21605,597.2,DTXSID4020379,DTXSID4020379,"Dehydroepiandrosterone,,Dehydroepiandrosterone","C19H28O2, C19H28O2",NA,firefighter,8827.426519, 
50,299.1209-87.8,299.1209,87.8,DTXSID4020402,DTXSID4020402-BTMR0171,"2,4-Diaminotoluene,,2,4-Diaminotoluene,,2,4-DIAMINOTOLUENE","C7H10N2, C7H10N2, C7H10N2",yes,firefighter,5995.57452, 
51,299.12343-495.4,299.12343,495.4,DTXSID4020402,DTXSID4020402-BTMR0171,"2,4-Diaminotoluene,,2,4-Diaminotoluene,,2,4-DIAMINOTOLUENE","C7H10N2, C7H10N2, C7H10N2",yes,firefighter,8034.076598, 
260,165.09118-231.1,165.091,231.1,DTXSID7022413,DTXSID7022413,Isoeugenol,C10H12O2,1,nurse, ,22087.54361
67,165.09096-265,165.091,265,DTXSID4040711,DTXSID4040711,"Ethyl,2-methylbenzoate,,Ethyl,2-methylbenzoate,,Ethyl,2-methylbenzoate","C10H12O2, C10H12O2, C10H12O2",NA,firefighter,37905.00224, 
102,165.09096-265,165.091,265,DTXSID7022413,DTXSID7022413,"Isoeugenol,,Isoeugenol","C10H12O2, C10H12O2",NA,firefighter,37905.00224, 
112,165.1274-447.9,165.127,447.9,DTXSID8021771,DTXSID8021771,"4-(2-Methylbutan-2-yl)phenol,,4-(2-Methylbutan-2-yl)phenol,,4-(2-Methylbutan-2-yl)phenol","C11H16O, C11H16O, C11H16O",yes,firefighter,135112.0211, 
261,165.12742-451.6,165.127,451.6,DTXSID8021771,DTXSID8021771,4-(2-Methylbutan-2-yl)phenol,C11H16O,3,nurse, ,14923.96496
262,165.12752-448.3,165.128,448.3,DTXSID8021771,DTXSID8021771,4-(2-Methylbutan-2-yl)phenol,C11H16O,3,nurse, ,17186.20562
263,166.05036-151.3,166.05,151.3,DTXSID30196309,DTXSID30196309,"Benzoic,acid,,3-(aminocarbonyl)-",C8H7NO3,3,nurse, ,375161.931
134,166.08658-110.1,166.087,110.1,DTXSID9024489,DTXSID9024489-BTMR1242,"5-Amino-2-methylphenol,,5-Amino-2-methylphenol,,5-Amino-2-methylphenol","C7H9NO, C7H9NO, C7H9NO",NA,firefighter,1216509.405, 
221,166.08687-129.9,166.087,129.9,DTXSID9022780,DTXSID9022780-BTMR0167,CEPHALEXIN,C16H17N3O4S,1,nurse, ,2920440.072
222,166.08691-133.7,166.087,133.7,DTXSID9022780,DTXSID9022780-BTMR0167,CEPHALEXIN,C16H17N3O4S,1,nurse, ,2526865.906
264,166.12259-218.9,166.123,218.9,DTXSID0023537,DTXSID0023537,PSEUDOEPHEDRINE,C10H15NO,3,nurse, ,21554.54207
63,299.1209-87.8,299.1209,87.8,DTXSID4027319,DTXSID4027319-BTMR0171,"2,6-Toluenediamine,,2,6-Toluenediamine","C7H10N2, C7H10N2",yes,firefighter,5995.57452, 
64,299.12343-495.4,299.12343,495.4,DTXSID4027319,DTXSID4027319-BTMR0171,"2,6-Toluenediamine,,2,6-Toluenediamine","C7H10N2, C7H10N2",yes,firefighter,8034.076598, 
65,185.15367-748.5,185.15367,748.5,DTXSID4034287,DTXSID4034287,"5-Heptyldihydro-2(3H)-furanone,,5-Heptyldihydro-2(3H)-furanone","C11H20O2, C11H20O2",yes,firefighter,1682.33894, 
66,185.15368-439.5,185.15368,439.5,DTXSID4034287,DTXSID4034287,"5-Heptyldihydro-2(3H)-furanone,,5-Heptyldihydro-2(3H)-furanone","C11H20O2, C11H20O2",yes,firefighter,6884.478974, 
265,166.12259-218.9,166.123,218.9,DTXSID8029284,DTXSID8029284,"5-Oxo-1,3,3-trimethylcyclohexanecarbonitrile",C10H15NO,3,nurse, ,21554.54207
266,166.12259-218.9,166.123,218.9,DTXSID9025037,DTXSID9025037,3-Diethylaminophenol,C10H15NO,3,nurse, ,21554.54207
69,285.14089-381.9,285.14089,381.9,DTXSID4046949,DTXSID4046949,"Promazine,hydrochloride",C17H21ClN2S,yes,firefighter,8865.051062, 
70,285.14373-600,285.14373,600,DTXSID4046949,DTXSID4046949,"Promazine,hydrochloride",C17H21ClN2S,yes,firefighter,4586.637651, 
146,167.08982-132.5,167.09,132.5,DTXSID9048196,DTXSID9048196,"4-tert-Butylbenzenethiol,,4-tert-Butylbenzenethiol","C10H14S, C10H14S",NA,firefighter,258336.3325, 
268,168.13823-393.1,168.138,393.1,DTXSID7044716,DTXSID7044716,1-Cyclohexylpyrrolidin-2-one,C10H17NO,3,nurse, ,61762.3913
107,168.13819-540.8,168.138,540.8,DTXSID7044716,DTXSID7044716,1-Cyclohexylpyrrolidin-2-one,C10H17NO,yes,firefighter,10118.3186, 
269,172.13354-302.9,172.134,302.9,DTXSID0020074,DTXSID0020074,Gabapentin,C9H17NO2,1,nurse, ,621515.9828
270,174.09071-166.3,174.091,166.3,DTXSID00296688,DTXSID00296688,"4,6-Dimethylquinolin-2-ol",C11H11NO,1,nurse, ,41776.16109
76,353.07321-308.9,353.07321,308.9,DTXSID5020106,DTXSID5020106-BTMR0165,"L-Ascorbic,acid",C6H8O6,NA,firefighter,2314.763055, 
77,297.18389-547.3,297.18389,547.3,DTXSID5020576,DTXSID5020576,"17alpha-Ethinylestradiol,,17alpha-Ethinylestradiol,,17alpha-Ethinylestradiol,,ETHINYLOESTRADIOL","C20H24O2, C20H24O2, C20H24O2, C20H24O2",NA,firefighter,5447.683615, 
78,297.18583-803.1,297.18583,803.1,DTXSID5020576,DTXSID5020576,"17alpha-Ethinylestradiol,,17alpha-Ethinylestradiol,,17alpha-Ethinylestradiol,,ETHINYLOESTRADIOL","C20H24O2, C20H24O2, C20H24O2, C20H24O2",NA,firefighter,2486.754017, 
6,178.08642-189.1,178.086,189.1,DTXSID0024397,DTXSID0024397,Acetoacetanilide,C10H11NO2,yes,firefighter,32470.27308, 
7,178.08629-478.2,178.086,478.2,DTXSID0024397,DTXSID0024397,Acetoacetanilide,C10H11NO2,yes,firefighter,12475.7716, 
272,179.14327-699.5,179.143,699.5,DTXSID6023523,DTXSID6023523,Propofol,C12H18O,1,nurse, ,11105.19725
17,180.10191-343.6,180.102,343.6,DTXSID1020350,DTXSID1020350-BTMR1242,"2-Methoxy-5-methylaniline,,2-Methoxy-5-methylaniline,,2-Methoxy-5-methylaniline,,2-Methoxy-5-methylaniline","C8H11NO, C8H11NO, C8H11NO, C8H11NO",NA,firefighter,33411.44664, 
57,181.08612-312.8,181.086,312.8,DTXSID4022527,DTXSID4022527,"Propylparaben,,Propylparaben,,Propylparaben","C10H12O3, C10H12O3, C10H12O3",NA,firefighter,438456.5597, 
84,329.24726-913.9,329.24726,913.9,DTXSID6021240,DTXSID6021240,"Retinol,acetate,,Retinol,acetate","C22H32O2, C22H32O2",NA,firefighter,3858.875928, 
85,285.12343-504.1,285.12343,504.1,DTXSID60221855,DTXSID60221855,"N-HYDROXY-N,N'-DIACETYLBENZIDINE",C16H16N2O3,NA,firefighter,6821.002479, 
277,181.08633-313.2,181.086,313.2,DTXSID4022527,DTXSID4022527,Propylparaben,C10H12O3,2,nurse, ,226947.2
276,181.08633-313.2,181.086,313.2,DTXSID1044770,DTXSID1044770,"4-Methoxybenzyl,acetate",C10H12O3,3,nurse, ,226947.2
278,181.08633-313.2,181.086,313.2,DTXSID9052181,DTXSID9052181,"4-(1-Hydroxyethyl)phenyl,acetate",C10H12O3,3,nurse, ,226947.2
89,285.0947-267.6,285.0947,267.6,DTXSID6024200,DTXSID6024200-BTMR1231,"m-Cresol,,m-Cresol","C7H8O, C7H8O",yes,firefighter,7175.742355, 
274,181.08613-318.4,181.086,318.4,DTXSID4022527,DTXSID4022527,Propylparaben,C10H12O3,2,nurse, ,181903.3
273,181.08613-318.4,181.086,318.4,DTXSID1044770,DTXSID1044770,"4-Methoxybenzyl,acetate",C10H12O3,3,nurse, ,181903.3
275,181.08613-318.4,181.086,318.4,DTXSID9052181,DTXSID9052181,"4-(1-Hydroxyethyl)phenyl,acetate",C10H12O3,3,nurse, ,181903.3
93,331.22414-987.9,331.22414,987.9,DTXSID6040747,DTXSID6040747,"17alpha-Hydroxyprogesterone,,17alpha-Hydroxyprogesterone","C21H30O3, C21H30O3",NA,firefighter,9958.346983, 
94,429.299-720.7,429.299,720.7,DTXSID6043915,DTXSID6043915,"Hydroxyprogesterone,caproate,,17A-HYDROXYPROGESTERONE,CAPROATE","C27H40O4, C27H40O4",NA,firefighter,9423.56538, 
109,191.17954-707.7,191.18,707.7,DTXSID7051890,DTXSID7051890,"(E)-beta-Damascone,,(E)-beta-Damascone","C14H22, C14H22",NA,firefighter,75741.12065, 
96,301.21605-1163.8,301.21605,1163.8,DTXSID7021239,DTXSID7021239,"all-trans-Retinoic,acid,,all-trans-Retinoic,acid,,all-trans-Retinoic,acid","C20H28O2, C20H28O2, C20H28O2",NA,firefighter,9979.773191, 
290,195.08859-235.8,195.089,235.8,DTXSID2038813,DTXSID2038813,"1,3-Benzenedicarboxylic,acid",C8H10N4O2,3,nurse, ,8395606
98,284.11135-441,284.11135,441,DTXSID7021364,DTXSID7021364-BTMR0171,"2-Methylaniline,hydrochloride,,ORTHO-TOLUIDINE,HYDROCHLORIDE","C7H10ClN, C7H10ClN",yes,firefighter,3903.015016, 
294,195.102-469,195.102,469,DTXSID3020209,DTXSID3020209,Butylparaben,C11H14O3,2,nurse, ,63575.78
100,285.0947-267.6,285.0947,267.6,DTXSID7021869,DTXSID7021869-BTMR0166,"p-Cresol,,p-Cresol,,p-Cresol,,p-Cresol","C7H8O, C7H8O, C7H8O, C7H8O",yes,firefighter,7175.742355, 
295,195.102-469,195.102,469,DTXSID8047428,DTXSID8047428,"(4-Methylphenoxy),acetic,acid,ethyl,ester",C11H14O3,3,nurse, ,63575.78
296,195.102-469,195.102,469,DTXSID9047203,DTXSID9047203,"Phenoxyethyl,propionate",C11H14O3,3,nurse, ,63575.78
291,195.10183-472.9,195.102,472.9,DTXSID3020209,DTXSID3020209,Butylparaben,C11H14O3,2,nurse, ,51116.71
292,195.10183-472.9,195.102,472.9,DTXSID8047428,DTXSID8047428,"(4-Methylphenoxy),acetic,acid,ethyl,ester",C11H14O3,3,nurse, ,51116.71
105,361.13821-359.7,361.13821,359.7,DTXSID7025895,DTXSID7025895-BTMR0171,"N-Phenyl-1,4-benzenediamine,,N-Phenyl-1,4-benzenediamine","C12H12N2, C12H12N2",NA,firefighter,7292.925851, 
293,195.10183-472.9,195.102,472.9,DTXSID9047203,DTXSID9047203,"Phenoxyethyl,propionate",C11H14O3,3,nurse, ,51116.71
35,195.10154-474.3,195.102,474.3,DTXSID3020209,DTXSID3020209,"Butylparaben,,Butylparaben","C11H14O3, C11H14O3",NA,firefighter,77811.31981, 
297,197.01824-150.1,197.018,150.1,DTXSID50880218,DTXSID50880218,"1H,1H,2H-PERFLUOROCYCLOPENTANE",C5H3F7,1,nurse, ,11040.94
106,197.15372-447.4,197.154,447.4,DTXSID7026946,DTXSID7026946,"Linalyl,acetate,,Linalyl,acetate,,Linalyl,acetate","C12H20O2, C12H20O2, C12H20O2",NA,firefighter,54418.65011, 
36,200.07141-123.5,200.071,123.5,DTXSID3020960,DTXSID3020960,"5-Nitroacenaphthene,,5-NITROACENAPHTHENE","C12H9NO2, C12H9NO2",NA,firefighter,11857.774, 
299,201.05483-639.5,201.055,639.5,DTXSID30322287,DTXSID30322287,"2-fluoro-3,4-dimethoxybenzoic,acid",C9H9FO4,3,nurse, ,48379.04
300,201.05489-644.7,201.055,644.7,DTXSID30322287,DTXSID30322287,"2-fluoro-3,4-dimethoxybenzoic,acid",C9H9FO4,3,nurse, ,54374.27
127,202.08632-272.5,202.086,272.5,DTXSID9020247,DTXSID9020247,"Carbaryl,,Carbaryl","C12H11NO2, C12H11NO2",NA,firefighter,108564.8356, 
114,423.23745-852.3,423.23745,852.3,DTXSID8022959,DTXSID8022959,"Docusate,sodium,,Docusate,sodium","C20H38O7S, C20H37NaO7S",yes,firefighter,8860.774802, 
55,202.08589-343.1,202.086,343.1,DTXSID4021268,DTXSID4021268,"Simazine,,Simazine,,Simazine,,Simazine,,SIMAZINE","C7H12ClN5, C7H12ClN5, C7H12ClN5, C7H12ClN5, C7H12ClN5",NA,firefighter,16738.7678, 
116,523.13916-333.5,523.13916,333.5,DTXSID8026270,DTXSID8026270-BTMR0224,"URACIL,MUSTARD",C8H11Cl2N3O2,NA,firefighter,1910.770099, 
117,185.15367-748.5,185.15367,748.5,DTXSID8035001,DTXSID8035001,"10-Undecenoic,acid,,10-Undecenoic,acid,,10-Undecenoic,acid","C11H20O2, C11H20O2, C11H20O2",yes,firefighter,1682.33894, 
118,185.15368-439.5,185.15368,439.5,DTXSID8035001,DTXSID8035001,"10-Undecenoic,acid,,10-Undecenoic,acid,,10-Undecenoic,acid","C11H20O2, C11H20O2, C11H20O2",yes,firefighter,6884.478974, 
119,185.15368-439.5,185.15368,439.5,DTXSID8044624,DTXSID8044624,"Octyl,prop-2-enoate",C11H20O2,yes,firefighter,6884.478974, 
120,185.15367-748.5,185.15367,748.5,DTXSID8044624,DTXSID8044624,"Octyl,prop-2-enoate",C11H20O2,yes,firefighter,1682.33894, 
121,286.9932-214.6,286.9932,214.6,DTXSID8052017,DTXSID8052017,PERFLUORO-3-(1H-PERFLUOROETHOXY)PROPANE,C5HF11O,yes,firefighter,3225.527232, 
301,202.08657-278.5,202.087,278.5,DTXSID9020247,DTXSID9020247,Carbaryl,C12H11NO2,1,nurse, ,50616.52
130,214.08717-205,214.087,205,DTXSID9020825,DTXSID9020825,"2-Methoxy-3-aminodibenzofuran,,2-METHOXY-3-AMINODIBENZOFURAN","C13H11NO2, C13H11NO2",NA,firefighter,14897.74024, 
81,222.11283-278.6,222.113,278.6,DTXSID5044526,DTXSID5044526,N-(4-Ethoxyphenyl)-3-oxobutanamide,C12H15NO3,yes,firefighter,21712.37295, 
110,222.11283-278.6,222.113,278.6,DTXSID7057737,DTXSID7057737,3'-Acetyl-4'-hydroxybutyranilide,C12H15NO3,yes,firefighter,21712.37295, 
128,222.11283-278.6,222.113,278.6,DTXSID9020249,DTXSID9020249,Carbofuran,C12H15NO3,yes,firefighter,21712.37295, 
148,223.09662-312.8,223.097,312.8,NA,DTXSID5052701-phthalates,NA,NA,yes,firefighter,181964.6841, 
229,223.09693-313.2,223.097,313.2,DTXSID90880131,DTXSID90880131-BTMR0224,"1H,1H,5H-PERFLUOROPENTYL,METHACRYLATE",C9H8F8O2,2,nurse, ,100130.5992
309,223.09693-313.2,223.097,313.2,DTXSID1044851,DTXSID1044851,"2-Hydroxy-3-phenoxypropyl,prop-2-enoate",C12H14O4,3,nurse, ,100130.6
310,223.09693-313.2,223.097,313.2,DTXSID1047150,DTXSID1047150,"tert-Butyl,hydrogen,phthalate",C12H14O4,3,nurse, ,100130.6
131,214.08427-337.9,214.08427,337.9,DTXSID9020825,DTXSID9020825,"2-Methoxy-3-aminodibenzofuran,,2-METHOXY-3-AMINODIBENZOFURAN","C13H11NO2, C13H11NO2",NA,firefighter,8120.848412, 
311,223.09693-313.2,223.097,313.2,DTXSID2020470,DTXSID2020470,"Diglycidyl,resorcinol,ether",C12H14O4,3,nurse, ,100130.6
312,223.09693-313.2,223.097,313.2,DTXSID4040002,DTXSID4040002,"Monobutyl,phthalate",C12H14O4,3,nurse, ,100130.6
313,223.09693-313.2,223.097,313.2,DTXSID7021780,DTXSID7021780,"Diethyl,phthalate",C12H14O4,3,nurse, ,100130.6
135,299.1209-87.8,299.1209,87.8,DTXSID9024930,DTXSID9024930-BTMR0171,"3,4-Diaminotoluene,,3,4-Diaminotoluene,,3,4-Diaminotoluene","C7H10N2, C7H10N2, C7H10N2",yes,firefighter,5995.57452, 
136,299.12343-495.4,299.12343,495.4,DTXSID9024930,DTXSID9024930-BTMR0171,"3,4-Diaminotoluene,,3,4-Diaminotoluene,,3,4-Diaminotoluene","C7H10N2, C7H10N2, C7H10N2",yes,firefighter,8034.076598, 
137,185.15368-439.5,185.15368,439.5,DTXSID9025297,DTXSID9025297,"2-Ethylhexyl,acrylate,,2-Ethylhexyl,acrylate","C11H20O2, C11H20O2",yes,firefighter,6884.478974, 
138,185.15367-748.5,185.15367,748.5,DTXSID9025297,DTXSID9025297,"2-Ethylhexyl,acrylate,,2-Ethylhexyl,acrylate","C11H20O2, C11H20O2",yes,firefighter,1682.33894, 
228,223.09674-318.1,223.097,318.1,DTXSID90880131,DTXSID90880131-BTMR0224,"1H,1H,5H-PERFLUOROPENTYL,METHACRYLATE",C9H8F8O2,2,nurse, ,91479.98113
304,223.09674-318.1,223.097,318.1,DTXSID1044851,DTXSID1044851,"2-Hydroxy-3-phenoxypropyl,prop-2-enoate",C12H14O4,3,nurse, ,91479.98
141,576.1857-598,576.1857,598,DTXSID9031569,DTXSID9031569-BTMR0224,MERPHALAN,C13H18Cl2N2O2,NA,firefighter,6565.405706, 
305,223.09674-318.1,223.097,318.1,DTXSID1047150,DTXSID1047150,"tert-Butyl,hydrogen,phthalate",C12H14O4,3,nurse, ,91479.98
306,223.09674-318.1,223.097,318.1,DTXSID4040002,DTXSID4040002,"Monobutyl,phthalate",C12H14O4,3,nurse, ,91479.98
307,223.09674-318.1,223.097,318.1,DTXSID7021780,DTXSID7021780,"Diethyl,phthalate",C12H14O4,3,nurse, ,91479.98
308,223.09674-318.1,223.097,318.1,DTXSID2020470,DTXSID2020470,"Diglycidyl,resorcinol,ether",C12H14O4,3,nurse, ,91479.98
22,226.02448-131.5,226.024,131.5,DTXSID1032519,DTXSID1032519-BTMR0214,"Acibenzolar-S-methyl,,Acibenzolar-S-methyl","C8H6N2OS2, C8H6N2OS2",NA,firefighter,31774.73015, 
23,226.02455-110.6,226.025,110.6,DTXSID1032519,DTXSID1032519-BTMR0214,"Acibenzolar-S-methyl,,Acibenzolar-S-methyl","C8H6N2OS2, C8H6N2OS2",NA,firefighter,23007.3581, 
316,227.12581-405,227.126,405,DTXSID9025401,DTXSID9025401,"1,6-Hexanediol,diacrylate",C12H18O4,1,nurse, ,22231.58
140,227.12557-405.2,227.126,405.2,DTXSID9025401,DTXSID9025401,"1,6-Hexanediol,diacrylate,,1,6-Hexanediol,diacrylate","C12H18O4, C12H18O4",NA,firefighter,67417.69184, 
317,227.12588-413.9,227.126,413.9,DTXSID9025401,DTXSID9025401,"1,6-Hexanediol,diacrylate",C12H18O4,1,nurse, ,22204.58
151,389.17101-381.9,389.17101,381.9,NA,DTXSID5024059-BTMR0171__DTXSID6020511-BTMR0171,NA,NA,yes,firefighter,1654.078707, 
319,227.16466-837.3,227.165,837.3,DTXSID2029325,DTXSID2029325,"Methyl,dihydrojasmonate",C13H22O3,3,nurse, ,10502.37
19,228.12846-250.2,228.128,250.2,DTXSID1023869,DTXSID1023869,"Ametryn,,Ametryn,,Ametryn,,Ametryn","C9H17N5S, C9H17N5S, C9H17N5S, C9H17N5S",NA,firefighter,20022.00833, 
40,229.08644-167.8,229.086,167.8,DTXSID3022405,DTXSID3022405,"2-Hydroxy-4-methoxybenzophenone,,2-Hydroxy-4-methoxybenzophenone","C14H12O3, C14H12O3",NA,firefighter,14679.01413, 
321,231.10204-375.4,231.102,375.4,DTXSID70274670,DTXSID70274670,"4-chloro-N-propan-2-yl-6-propan-2-yloxy-1,3,5-triazin-2-amine",C9H15ClN4O,1,nurse, ,24104.31
323,233.15409-795.3,233.154,795.3,DTXSID30241000,DTXSID30241000,"1,1-Dimethyl-2-phenylethyl,3-methyl-2-butenoate",C15H20O2,1,nurse, ,30910.78
157,402.16282-558.1,402.16282,558.1,DTXSID0059879,DTXSID0059879-BTMR0165,"1H,1H,5H-PERFLUOROPENTANOL",C5H4F8O,1,nurse, ,974.7047667
158,412.2205-442.5,412.2205,442.5,DTXSID1040372,DTXSID1040372-BTMR0222,Epoxiconazole,C17H13ClFN3O,1,nurse, ,4355.336438
159,361.13871-364.4,361.13871,364.4,DTXSID1062122,DTXSID1062122-BTMR0501,"4:2,FLUOROTELOMER,ALCOHOL",C6H5F9O,2,nurse, ,3115.996255
160,361.13855-361,361.13855,361,DTXSID1062122,DTXSID1062122-BTMR0501,"4:2,FLUOROTELOMER,ALCOHOL",C6H5F9O,2,nurse, ,2465.433283
161,351.1288-185.2,351.1288,185.2,DTXSID2020921,DTXSID2020921-BTMR0171,2-Naphthylamine,C10H9N,3,nurse, ,3838.379079
162,472.23916-347.2,472.23916,347.2,DTXSID20880124,DTXSID20880124-BTMR0244,"N,N-DIETHYL-2H-PERFLUOROPROPANAMINE",C7H11F6N,1,nurse, ,2736.73025
163,569.24045-199.1,569.24045,199.1,DTXSID30198146,DTXSID30198146-BTMR0244,PROXYMETACAINE,C16H26N2O3,3,nurse, ,3566.712952
164,352.06114-125.1,352.06114,125.1,DTXSID3020257,DTXSID3020257-BTMR0166,Catechol,C6H6O2,3,nurse, ,1764.333401
322,233.15396-798.8,233.154,798.8,DTXSID30241000,DTXSID30241000,"1,1-Dimethyl-2-phenylethyl,3-methyl-2-butenoate",C15H20O2,1,nurse, ,30473.77
326,240.10222-116.2,240.102,116.2,DTXSID2020719,DTXSID2020719,N-HYDROXY-2-(ACETYLAMINO)FLUORENE,C15H13NO2,1,nurse, ,89245.04
28,240.10213-119.1,240.102,119.1,DTXSID2020719,DTXSID2020719,N-HYDROXY-2-(ACETYLAMINO)FLUORENE,C15H13NO2,NA,firefighter,111770.3095, 
168,489.24553-509.3,489.24553,509.3,DTXSID3025881,DTXSID3025881-BTMR1242,"1,2-Phenylenediamine",C6H8N2,1,nurse, ,1731.162724
169,489.25228-1173.8,489.25228,1173.8,DTXSID3025881,DTXSID3025881-BTMR1242,"1,2-Phenylenediamine",C6H8N2,3,nurse, ,36.86523485
170,328.13906-148.2,328.13906,148.2,DTXSID30378880,DTXSID30378880-BTMR0224,"2,2-DIFLUOROETHYL,TRIFLATE",C3H3F5O3S,2,nurse, ,7571.632651
325,240.10217-120,240.102,120,DTXSID2020719,DTXSID2020719,N-HYDROXY-2-(ACETYLAMINO)FLUORENE,C15H13NO2,1,nurse, ,76813.58
172,329.14363-277,329.14363,277,DTXSID30379357,DTXSID30379357-BTMR0165,3(PERFLUORO-2-BUTYL)PROPANOL,C7H7F9O,1,nurse, ,2570.727683
16,241.09759-441,241.098,441,DTXSID0044995,DTXSID0044995,9-Ethyl-3-nitro-9H-carbazole,C14H12N2O2,yes,firefighter,15959.19242, 
327,241.14177-471.6,241.142,471.6,DTXSID5044867,DTXSID5044867,"2,2-Dimethylpropane-1,3-diyl,bis(2-methylprop-2-enoate)",C13H20O4,3,nurse, ,218890.8
60,242.14467-473.3,242.145,473.3,DTXSID4024272,DTXSID4024272,"Prometryn,,Prometryn","C10H19N5S, C10H19N5S",NA,firefighter,104527.4751, 
337,245.1302-312.8,245.13,312.8,DTXSID5023033,DTXSID5023033,Etomidate,C14H16N2O2,2,nurse, ,27817.68
177,345.17103-786.2,345.17103,786.2,DTXSID4046446,DTXSID4046446-BTMR0502,Entecavir,C12H15N5O3,1,nurse, ,5488.423565
178,345.1709-780.9,345.1709,780.9,DTXSID4046446,DTXSID4046446-BTMR0502,Entecavir,C12H15N5O3,1,nurse, ,5885.298754
179,353.07335-307.5,353.07335,307.5,DTXSID50165456,DTXSID50165456-BTMR0502,ERTAPENEM,C22H25N3O7S,3,nurse, ,642.2380552
180,573.37391-990,573.37391,990,DTXSID50192686,DTXSID50192686-BTMR0233,"2,3,4,5-Tetrabromo-6-chlorotoluene",C7H3Br4Cl,1,nurse, ,9807.900744
181,573.37419-994.3,573.37419,994.3,DTXSID50192686,DTXSID50192686-BTMR0233,"2,3,4,5-Tetrabromo-6-chlorotoluene",C7H3Br4Cl,1,nurse, ,8538.375751
182,383.11906-393.3,383.11906,393.3,DTXSID5021386,DTXSID5021386-BTMR0166,"2,4,6-Trichlorophenol",C6H3Cl3O,3,nurse, ,6.994671455
183,383.11914-396.1,383.11914,396.1,DTXSID5021386,DTXSID5021386-BTMR0166,"2,4,6-Trichlorophenol",C6H3Cl3O,1,nurse, ,6.507807237
184,423.07685-71.6,423.07685,71.6,DTXSID50379879,DTXSID50379879-BTMR0229,2-(PERFLUORO-3-METHYLBUTYL)ETHYL¬†METHACRYLATE,C11H9F11O2,2,nurse, ,2270.979747
185,322.03629-64.4,322.03629,64.4,DTXSID5075236,DTXSID5075236-BTMR0229,"1H,1H,5H-PERFLUOROPENTYL,ACRYLATE",C8H6F8O2,2,nurse, ,9231.624467
186,322.03631-69.9,322.03631,69.9,DTXSID5075236,DTXSID5075236-BTMR0229,"1H,1H,5H-PERFLUOROPENTYL,ACRYLATE",C8H6F8O2,2,nurse, ,8268.777059
187,576.18613-595.6,576.18613,595.6,DTXSID60188999,DTXSID60188999-BTMR0165,"1H,1H,6H,6H-PERFLUORO-1,6-HEXANEDIOL",C6H6F8O2,2,nurse, ,850.4522739
188,596.28846-883.6,596.28846,883.6,DTXSID60188999,DTXSID60188999-BTMR0501,"1H,1H,6H,6H-PERFLUORO-1,6-HEXANEDIOL",C6H6F8O2,2,nurse, ,411.0341864
189,576.18642-600.1,576.18642,600.1,DTXSID60188999,DTXSID60188999-BTMR0165,"1H,1H,6H,6H-PERFLUORO-1,6-HEXANEDIOL",C6H6F8O2,2,nurse, ,1631.146751
190,596.28788-878.2,596.28788,878.2,DTXSID60188999,DTXSID60188999-BTMR0501,"1H,1H,6H,6H-PERFLUORO-1,6-HEXANEDIOL",C6H6F8O2,2,nurse, ,359.7044221
191,596.28904-365.9,596.28904,365.9,DTXSID60188999,DTXSID60188999-BTMR0501,"1H,1H,6H,6H-PERFLUORO-1,6-HEXANEDIOL",C6H6F8O2,2,nurse, ,1.353987437
192,505.21101-170.7,505.21101,170.7,DTXSID6021450,DTXSID6021450-BTMR0197,"C.I.,Disperse,Yellow,3",C15H15N3O2,3,nurse, ,46.92553168
193,505.21137-727,505.21137,727,DTXSID6021450,DTXSID6021450-BTMR0197,"C.I.,Disperse,Yellow,3",C15H15N3O2,3,nurse, ,7.08495589
194,505.2118-346.7,505.2118,346.7,DTXSID6021450,DTXSID6021450-BTMR0197,"C.I.,Disperse,Yellow,3",C15H15N3O2,1,nurse, ,1205.053774
195,355.17312-439.3,355.17312,439.3,DTXSID6021793,DTXSID6021793-BTMR0166,1-Naphthol,C10H8O,1,nurse, ,5679.763019
196,473.25852-231.9,473.25852,231.9,DTXSID6023496,DTXSID6023496-BTMR0171,PRAMIPEXOLE,C10H17N3S,3,nurse, ,3612.107976
197,285.09486-273,285.09486,273,DTXSID6023573,DTXSID6023573-BTMR0165,SCOPOLAMINE,C17H21NO4,1,nurse, ,2709.201367
198,315.08139-213,315.08139,213,DTXSID6023735,DTXSID6023735-BTMR0167,VALSARTAN,C24H29N5O3,1,nurse, ,8513.846821
199,315.08001-259.5,315.08001,259.5,DTXSID6023735,DTXSID6023735-BTMR0167,VALSARTAN,C24H29N5O3,1,nurse, ,4514.870447
335,245.1302-312.8,245.13,312.8,DTXSID1020485,DTXSID1020485,"3,3'-Dimethoxybenzidine,dihydrochloride",C14H16N2O2,3,nurse, ,27817.68
336,245.1302-312.8,245.13,312.8,DTXSID3025091,DTXSID3025091,"3,3'-Dimethoxybenzidine",C14H16N2O2,3,nurse, ,27817.68
202,285.09486-273,285.09486,273,DTXSID7021106,DTXSID7021106-BTMR0235,Pentachlorophenol,C6HCl5O,1,nurse, ,2709.201367
203,448.25151-920.7,448.25151,920.7,DTXSID70366226,DTXSID70366226-BTMR0224,PERFLUOROPENTANAMIDE,C5H3F8NO,2,nurse, ,7126.376267
204,448.25117-911,448.25117,911,DTXSID70366226,DTXSID70366226-BTMR0224,PERFLUOROPENTANAMIDE,C5H3F8NO,2,nurse, ,5461.444581
205,448.25148-916.6,448.25148,916.6,DTXSID70366226,DTXSID70366226-BTMR0224,PERFLUOROPENTANAMIDE,C5H3F8NO,2,nurse, ,6760.803303
338,247.01667-60.6,247.017,60.6,DTXSID50379359,DTXSID50379359,2-VINYLPERFLUOROBUTANE,C6H3F9,1,nurse, ,14813.01
207,355.08271-68.2,355.08271,68.2,DTXSID7045526,DTXSID7045526-BTMR0502,Meropenem,C17H25N3O5S,1,nurse, ,3223.063453
208,355.08267-63.2,355.08267,63.2,DTXSID7045526,DTXSID7045526-BTMR0502,Meropenem,C17H25N3O5S,1,nurse, ,3647.457721
339,247.01667-60.6,247.017,60.6,DTXSID6047575,DTXSID6047575,"1H,1H,2H-PERFLUORO-1-HEXENE",C6H3F9,1,nurse, ,14813.01
210,296.07019-203.8,296.07019,203.8,DTXSID8023135,DTXSID8023135-BTMR0244,HYDROXYCHLOROQUINE,C18H26ClN3O,3,nurse, ,3239.938942
211,296.07011-201.5,296.07011,201.5,DTXSID8023135,DTXSID8023135-BTMR0244,HYDROXYCHLOROQUINE,C18H26ClN3O,2,nurse, ,3054.664334
212,296.07019-208.7,296.07019,208.7,DTXSID8023135,DTXSID8023135-BTMR0244,HYDROXYCHLOROQUINE,C18H26ClN3O,3,nurse, ,2455.999725
213,327.09026-89.1,327.09026,89.1,DTXSID8030760,DTXSID8030760-BTMR0502,Azithromycin,C38H72N2O12,2,nurse, ,4715.552447
214,421.12033-575.9,421.12033,575.9,DTXSID80597206,DTXSID80597206-BTMR0502,"1H,1H,1H,2H-PERFLUORO-2-HEPTANOL",C7H5F11O,2,nurse, ,2.857030846
215,421.12043-572.2,421.12043,572.2,DTXSID80597206,DTXSID80597206-BTMR0502,"1H,1H,1H,2H-PERFLUORO-2-HEPTANOL",C7H5F11O,2,nurse, ,3.252439194
216,421.12033-575.9,421.12033,575.9,DTXSID8059926,DTXSID8059926-BTMR0167,"HEXAFLUOROGLUTARIC,ACID",C5H2F6O4,2,nurse, ,2.857030846
217,421.12043-572.2,421.12043,572.2,DTXSID8059926,DTXSID8059926-BTMR0167,"HEXAFLUOROGLUTARIC,ACID",C5H2F6O4,2,nurse, ,3.252439194
149,249.10997-354,249.11,354,NA,DTXSID3052729-phthalates,NA,NA,yes,firefighter,116712.1711, 
231,249.11046-356.2,249.11,356.2,DTXSID90880176,DTXSID90880176-BTMR0167,"3,5,6-TRICHLOROPERFLUOROHEXANOIC,ACID",C6HCl3F8O2,1,nurse, ,23808.6548
230,249.1105-358.3,249.111,358.3,DTXSID90880176,DTXSID90880176-BTMR0167,"3,5,6-TRICHLOROPERFLUOROHEXANOIC,ACID",C6HCl3F8O2,1,nurse, ,29661.57971
74,249.18311-707.3,249.183,707.3,DTXSID4059542,DTXSID4059542,"Benzeneacetic,acid,,octyl,ester",C16H24O2,yes,firefighter,134741.2213, 
126,249.18311-707.3,249.183,707.3,DTXSID8069985,DTXSID8069985,"Benzaldehyde,,2-hydroxy-5-nonyl-",C16H24O2,yes,firefighter,134741.2213, 
223,492.23443-341.5,492.23443,341.5,DTXSID9023336,DTXSID9023336-BTMR0166,MORPHINE,C17H19NO3,1,nurse, ,2780.337175
224,576.18642-600.1,576.18642,600.1,DTXSID9023465,DTXSID9023465-BTMR0196,PHENYLEPHRINE,C9H13NO2,3,nurse, ,1631.146751
225,576.18613-595.6,576.18613,595.6,DTXSID9023465,DTXSID9023465-BTMR0196,PHENYLEPHRINE,C9H13NO2,3,nurse, ,850.4522739
226,497.26395-890.4,497.26395,890.4,DTXSID9059915,DTXSID9059915-BTMR0226,"HEPTAFLUOROBUTYRYL,CHLORIDE",C4ClF7O,2,nurse, ,88.34720658
227,497.26413-886.1,497.26413,886.1,DTXSID9059915,DTXSID9059915-BTMR0226,"HEPTAFLUOROBUTYRYL,CHLORIDE",C4ClF7O,2,nurse, ,142.1407632
71,249.18492-499.6,249.185,499.6,DTXSID4059542,DTXSID4059542,"Benzeneacetic,acid,,octyl,ester",C16H24O2,yes,firefighter,27387.3861, 
125,249.18492-499.6,249.185,499.6,DTXSID8069985,DTXSID8069985,"Benzaldehyde,,2-hydroxy-5-nonyl-",C16H24O2,yes,firefighter,27387.3861, 
72,249.18479-676.9,249.185,676.9,DTXSID4059542,DTXSID4059542,"Benzeneacetic,acid,,octyl,ester",C16H24O2,yes,firefighter,44893.17086, 
122,249.18479-676.9,249.185,676.9,DTXSID8069985,DTXSID8069985,"Benzaldehyde,,2-hydroxy-5-nonyl-",C16H24O2,yes,firefighter,44893.17086, 
73,249.18477-728.1,249.185,728.1,DTXSID4059542,DTXSID4059542,"Benzeneacetic,acid,,octyl,ester",C16H24O2,yes,firefighter,128976.8404, 
123,249.18477-728.1,249.185,728.1,DTXSID8069985,DTXSID8069985,"Benzaldehyde,,2-hydroxy-5-nonyl-",C16H24O2,yes,firefighter,128976.8404, 
75,249.18498-1177,249.185,1177,DTXSID4059542,DTXSID4059542,"Benzeneacetic,acid,,octyl,ester",C16H24O2,yes,firefighter,22942.59694, 
124,249.18498-1177,249.185,1177,DTXSID8069985,DTXSID8069985,"Benzaldehyde,,2-hydroxy-5-nonyl-",C16H24O2,yes,firefighter,22942.59694, 
342,251.12641-414.3,251.126,414.3,DTXSID2040731,DTXSID2040731,"Diisopropyl,phthalate",C14H18O4,1,nurse, ,17121.44
343,251.12641-414.3,251.126,414.3,DTXSID5031133,DTXSID5031133,"Dipropyl,phthalate",C14H18O4,1,nurse, ,17121.44
340,251.12553-506.3,251.126,506.3,DTXSID5031133,DTXSID5031133,"Dipropyl,phthalate",C14H18O4,1,nurse, ,260720.2
341,251.12553-506.3,251.126,506.3,DTXSID2040731,DTXSID2040731,"Diisopropyl,phthalate",C14H18O4,1,nurse, ,260720.2
346,255.04161-97.4,255.042,97.4,DTXSID80880145,DTXSID80880145,"1,4-DIVINYLPERFLUOROBUTANE",C8H6F8,1,nurse, ,22035.8
145,255.15704-371.1,255.157,371.1,DTXSID9044455,DTXSID9044455,"1,6-Hexanediol,dimethacrylate",C14H22O4,yes,firefighter,23038.28315, 
144,255.15733-584.3,255.157,584.3,DTXSID9044455,DTXSID9044455,"1,6-Hexanediol,dimethacrylate",C14H22O4,yes,firefighter,11303.41671, 
26,255.23194-697.4,255.232,697.4,DTXSID1051987,DTXSID1051987,"Tridecyl,acrylate",C16H30O2,yes,firefighter,20514.75194, 
62,255.23194-697.4,255.232,697.4,DTXSID4027103,DTXSID4027103,"Dodecyl,2-methylacrylate",C16H30O2,yes,firefighter,20514.75194, 
349,259.09472-168.5,259.095,168.5,DTXSID4047886,DTXSID4047886,"(2,4-dimethoxyphenyl)(4-hydroxyphenyl)methanone",C15H14O4,1,nurse, ,20593.8
142,269.12616-159.3,269.126,159.3,DTXSID9036854,DTXSID9036854,"N,N'-DIACETYLBENZIDINE",C16H16N2O2,NA,firefighter,125985.1495, 
351,269.12667-186.2,269.127,186.2,DTXSID9036854,DTXSID9036854,"N,N'-DIACETYLBENZIDINE",C16H16N2O2,2,nurse, ,517259.2
3,269.13219-688.9,269.132,688.9,DTXSID0020862,DTXSID0020862,"3-Methylcholanthrene,,3-METHYLCHOLANTHRENE","C21H16, C21H16",NA,firefighter,28679.12762, 
352,271.06499-92.5,271.065,92.5,DTXSID7048875,DTXSID7048875,Mecloqualone,C15H11ClN2O,2,nurse, ,284089.2
353,272.06796-88,272.068,88,DTXSID5029265,DTXSID5029265,"4'-Chloro-2',5'-dimethoxyacetoacetanilide",C12H14ClNO4,1,nurse, ,12088.3
104,273.08463-309.8,273.085,309.8,DTXSID7025558,DTXSID7025558,4-Methoxy-3-nitro-N-phenylbenzamide,C14H12N2O4,yes,firefighter,104893.5451, 
103,273.08471-330.7,273.085,330.7,DTXSID7025558,DTXSID7025558,4-Methoxy-3-nitro-N-phenylbenzamide,C14H12N2O4,yes,firefighter,89372.19685, 
253,148.0757-253,148.0757,253,DTXSID30313099,DTXSID30313099,Methoxyphenylacetonitrile,C9H9NO,2,nurse, ,5849.749922
1,273.18504-1163.3,273.185,1163.3,DTXSID0020573,DTXSID0020573,"17beta-Estradiol,,17beta-Estradiol,,ESTRADIOL-17B,,17beta-Estradiol","C18H24O2, C18H24O2, C18H24O2, C18H24O2",NA,firefighter,36848.69766, 
113,273.18504-1163.3,273.185,1163.3,DTXSID8022377,DTXSID8022377,"17alpha-Estradiol,,17alpha-Estradiol","C18H24O2, C18H24O2",NA,firefighter,36848.69766, 
355,275.11023-105.6,275.11,105.6,DTXSID7027095,DTXSID7027095,"Diallyl,diglycol,carbonate",C12H18O7,3,nurse, ,160163.3
354,275.11014-110.9,275.11,110.9,DTXSID7027095,DTXSID7027095,"Diallyl,diglycol,carbonate",C12H18O7,3,nurse, ,126744.2
358,279.23282-723.2,279.233,723.2,DTXSID7025506,DTXSID7025506,"Linolenic,acid",C18H30O2,3,nurse, ,207424.2
356,279.23251-726.7,279.233,726.7,DTXSID7025506,DTXSID7025506,"Linolenic,acid",C18H30O2,3,nurse, ,224417.2
357,279.23256-732,279.233,732,DTXSID7025506,DTXSID7025506,"Linolenic,acid",C18H30O2,3,nurse, ,242914
359,280.15461-209.2,280.155,209.2,DTXSID6024175,DTXSID6024175,Metalaxyl,C15H21NO4,3,nurse, ,86058.5
39,282.11988-91.8,282.12,91.8,DTXSID3021932,DTXSID3021932-BTMR0165,"Diethanolamine,,Diethanolamine","C4H11NO2, C4H11NO2",NA,firefighter,138957.7877, 
360,283.15209-486.1,283.152,486.1,DTXSID4040713,DTXSID4040713,"Octyl,gallate",C15H22O5,1,nurse, ,30619.1
68,283.15385-446.9,283.154,446.9,DTXSID4040713,DTXSID4040713,"Octyl,gallate,,Octyl,gallate","C15H22O5, C15H22O5",NA,firefighter,126152.0056, 
97,284.11108-301.8,284.111,301.8,DTXSID7021364,DTXSID7021364-BTMR0171,"2-Methylaniline,hydrochloride,,ORTHO-TOLUIDINE,HYDROCHLORIDE","C7H10ClN, C7H10ClN",yes,firefighter,14743.30953, 
90,285.09927-158.8,285.099,158.8,DTXSID6024200,DTXSID6024200-BTMR1231,"m-Cresol,,m-Cresol","C7H8O, C7H8O",yes,firefighter,34425.50554, 
267,167.07042-194.1,167.07042,194.1,DTXSID9022528,DTXSID9022528,Ethylparaben,C9H10O3,3,nurse, ,9233.719772
99,285.09927-158.8,285.099,158.8,DTXSID7021869,DTXSID7021869-BTMR0166,"p-Cresol,,p-Cresol,,p-Cresol,,p-Cresol","C7H8O, C7H8O, C7H8O, C7H8O",yes,firefighter,34425.50554, 
91,285.09952-188.6,285.1,188.6,DTXSID6024200,DTXSID6024200-BTMR1231,"m-Cresol,,m-Cresol","C7H8O, C7H8O",yes,firefighter,23833.12226, 
101,285.09952-188.6,285.1,188.6,DTXSID7021869,DTXSID7021869-BTMR0166,"p-Cresol,,p-Cresol,,p-Cresol,,p-Cresol","C7H8O, C7H8O, C7H8O, C7H8O",yes,firefighter,23833.12226, 
271,179.1432-704,179.1432,704,DTXSID6023523,DTXSID6023523,Propofol,C12H18O,1,nurse, ,8376.140757
86,285.12458-374.4,285.125,374.4,DTXSID60221855,DTXSID60221855,"N-HYDROXY-N,N'-DIACETYLBENZIDINE",C16H16N2O3,NA,firefighter,11400.64907, 
364,286.1451-619.1,286.145,619.1,DTXSID9023336,DTXSID9023336,MORPHINE,C17H19NO3,1,nurse, ,5114665
365,286.1451-619.1,286.145,619.1,DTXSID8023133,DTXSID8023133,HYDROMORPHONE,C17H19NO3,1,nurse, ,5114665
362,286.14498-624.3,286.145,624.3,DTXSID8023133,DTXSID8023133,HYDROMORPHONE,C17H19NO3,1,nurse, ,6077630
363,286.14498-624.3,286.145,624.3,DTXSID9023336,DTXSID9023336,MORPHINE,C17H19NO3,1,nurse, ,6077630
24,287.15747-656.6,287.157,656.6,DTXSID1048835,DTXSID1048835,Thenalidine,C17H22N2S,yes,firefighter,56400.5354, 
115,287.20046-597.6,287.2,597.6,DTXSID8024523,DTXSID8024523,"4-Androstene-3,17-dione,,4-Androstene-3,17-dione","C19H26O2, C19H26O2",NA,firefighter,12113.14845, 
279,189.04825-333.1,189.0482,333.1,DTXSID00318975,DTXSID00318975,"4H-Pyrrolo[1,2-a]thieno[3,2-f][1,4]diazepine",C10H8N2S,3,nurse, ,894.2802
280,191.14324-746.2,191.1432,746.2,DTXSID8052358,DTXSID8052358,"3-(2-Ethylphenyl)-2,2-dimethylpropanal",C13H18O,1,nurse, ,6640.832
281,191.14324-746.2,191.1432,746.2,DTXSID7051632,DTXSID7051632,3-(3-Isopropylphenyl)butanal,C13H18O,1,nurse, ,6640.832
282,191.14324-746.2,191.1432,746.2,DTXSID5052129,DTXSID5052129,5-Methyl-5-phenylhexan-3-one,C13H18O,1,nurse, ,6640.832
283,191.14324-746.2,191.1432,746.2,DTXSID6044808,DTXSID6044808,3-(4-tert-Butylphenyl)propanal,C13H18O,1,nurse, ,6640.832
284,193.12247-591.4,193.1225,591.4,DTXSID3051917,DTXSID3051917,"3a,4,5,6,7,7a-Hexahydro-1H-4,7-methanoinden-5-yl,acetate",C12H16O2,1,nurse, ,5620.144
285,193.12247-591.4,193.1225,591.4,DTXSID6047159,DTXSID6047159,"4-Methylphenyl,3-methylbutanoate",C12H16O2,1,nurse, ,5620.144
286,193.12247-591.4,193.1225,591.4,DTXSID1047603,DTXSID1047603,"Benzyl,3-methylbutanoate",C12H16O2,1,nurse, ,5620.144
287,193.12247-591.4,193.1225,591.4,DTXSID8047185,DTXSID8047185,"Isopentyl,benzoate",C12H16O2,1,nurse, ,5620.144
288,193.12247-591.4,193.1225,591.4,DTXSID6047604,DTXSID6047604,"2-Phenylethyl,butanoate",C12H16O2,1,nurse, ,5620.144
289,193.12247-591.4,193.1225,591.4,DTXSID7044764,DTXSID7044764,"2-Phenylethyl,2-methylpropanoate",C12H16O2,1,nurse, ,5620.144
18,288.15032-622.3,288.15,622.3,DTXSID1021247,DTXSID1021247,"C.I.,Basic,Red,9,monohydrochloride,,C.I.,BASIC,RED,9,MONOHYDROCHLORIDE","C19H18ClN3, C19H18ClN3",NA,firefighter,145190.0928, 
368,288.15074-619.1,288.151,619.1,DTXSID1021247,DTXSID1021247,"C.I.,Basic,Red,9,monohydrochloride",C19H18ClN3,1,nurse, ,71647.91
367,288.15067-624.5,288.151,624.5,DTXSID1021247,DTXSID1021247,"C.I.,Basic,Red,9,monohydrochloride",C19H18ClN3,1,nurse, ,82168.63
132,291.23194-987.9,291.232,987.9,DTXSID9022364,DTXSID9022364,"5alpha-Dihydrotestosterone,,5alpha-Dihydrotestosterone,,5alpha-Dihydrotestosterone","C19H30O2, C19H30O2, C19H30O2",NA,firefighter,19468.33248, 
11,292.12358-447.9,292.124,447.9,DTXSID0032601,DTXSID0032601,"Cyproconazole,,Cyproconazole","C15H18ClN3O, C15H18ClN3O",NA,firefighter,55470.22479, 
369,292.12379-449.4,292.124,449.4,DTXSID0032601,DTXSID0032601,Cyproconazole,C15H18ClN3O,3,nurse, ,14933.84
370,292.12386-453.5,292.124,453.5,DTXSID0032601,DTXSID0032601,Cyproconazole,C15H18ClN3O,3,nurse, ,11762.22
375,293.09969-265,293.1,265,DTXSID9027073,DTXSID9027073,"Ethylenediaminetetraacetic,acid,,disodium,salt",C10H16N2O8,1,nurse, ,10928.89
298,197.02037-1068.3,197.0204,1068.3,DTXSID50880218,DTXSID50880218,"1H,1H,2H-PERFLUOROCYCLOPENTANE",C5H3F7,2,nurse, ,28.63687
376,293.09969-265,293.1,265,DTXSID3026350,DTXSID3026350,"Ethylenediaminetetraacetic,acid,tetrasodium,salt",C10H16N2O8,1,nurse, ,10928.89
232,293.1383-402.4,293.138,402.4,None,None-BTMR0166,"1-Pyrenol,,6-nitro-",C16H9NO3,1,nurse, ,12891.00404
377,293.24827-949.9,293.248,949.9,DTXSID5041560,DTXSID5041560,"Methyl,linolenate",C19H32O2,1,nurse, ,216455
302,212.99978-72.1,212.9998,72.1,DTXSID00369341,DTXSID00369341,"2,2-BIS(TRIFLUOROMETHYL)-2-HYDROXYACETIC,ACID",C4H2F6O3,2,nurse, ,2577.507
303,219.17469-651.8,219.1747,651.8,DTXSID8047050,DTXSID8047050,(+)-Nootkatone,C15H22O,2,nurse, ,4013.658
378,293.2485-947.2,293.249,947.2,DTXSID5041560,DTXSID5041560,"Methyl,linolenate",C19H32O2,3,nurse, ,229207.5
380,295.22701-702.3,295.227,702.3,DTXSID3075044,DTXSID3075044,"2-[2-[4-(1,1,3,3-Tetramethylbutyl)phenoxy]ethoxy]ethanol",C18H30O3,1,nurse, ,53756.23
382,295.22719-705.2,295.227,705.2,DTXSID3075044,DTXSID3075044,"2-[2-[4-(1,1,3,3-Tetramethylbutyl)phenoxy]ethoxy]ethanol",C18H30O3,1,nurse, ,58922.66
381,295.22706-708.2,295.227,708.2,DTXSID3075044,DTXSID3075044,"2-[2-[4-(1,1,3,3-Tetramethylbutyl)phenoxy]ethoxy]ethanol",C18H30O3,1,nurse, ,84159.36
31,299.11024-428.1,299.11,428.1,DTXSID2021864,DTXSID2021864-BTMR0166,"2,4-Dimethylphenol,,2,4-Dimethylphenol,,2,4-Dimethylphenol,,2,4-Dimethylphenol","C8H10O, C8H10O, C8H10O, C8H10O",NA,firefighter,51842.26502, 
59,299.11024-428.1,299.11,428.1,DTXSID4024062,DTXSID4024062-BTMR0166,"3,4-Dimethylphenol,,3,4-Dimethylphenol","C8H10O, C8H10O",NA,firefighter,51842.26502, 
176,299.11109-427.5,299.111,427.5,DTXSID4022573,DTXSID4022573-BTMR0166,ALLOPURINOL,C5H4N4O,3,nurse, ,11803.53148
147,299.25793-1010.3,299.258,1010.3,NA,DTXSID5042322_1,NA,NA,yes,firefighter,11852.66188, 
153,299.25793-1010.3,299.258,1010.3,NA,DTXSID5042322_2,NA,NA,yes,firefighter,11852.66188, 
12,301.11838-301.9,301.118,301.9,DTXSID0034518,DTXSID0034518,"Desmedipham,,Desmedipham","C16H16N2O4, C16H16N2O4",yes,firefighter,416619.779, 
314,226.10841-180.6,226.1084,180.6,DTXSID7032630,DTXSID7032630,N-Benzyladenine,C12H11N5,1,nurse, ,7568.425
315,227.10881-65,227.1088,65,DTXSID7020182,DTXSID7020182,"Bisphenol,A",C15H16O2,3,nurse, ,2993.397
20,301.11838-301.9,301.118,301.9,DTXSID1024255,DTXSID1024255,Phenmedipham,C16H16N2O4,yes,firefighter,416619.779, 
13,303.07236-159.3,303.072,159.3,DTXSID0043761,DTXSID0043761,"4,4'-Dinitrodiphenylurea",C13H10N4O5,yes,firefighter,19341.38382, 
318,227.16465-841,227.1646,841,DTXSID2029325,DTXSID2029325,"Methyl,dihydrojasmonate",C13H22O3,3,nurse, ,8124.771
387,303.14503-172.2,303.145,172.2,DTXSID2026107,DTXSID2026107,"Tetraethylene,glycol,diacrylate",C14H22O7,1,nurse, ,36656.46
320,228.12827-254.6,228.1283,254.6,DTXSID1023869,DTXSID1023869,Ametryn,C9H17N5S,3,nurse, ,4444.222
386,303.14498-179.4,303.145,179.4,DTXSID2026107,DTXSID2026107,"Tetraethylene,glycol,diacrylate",C14H22O7,1,nurse, ,33660.64
80,303.15641-595.3,303.156,595.3,DTXSID5022437,DTXSID5022437,"Nordihydroguaiaretic,acid,,Nordihydroguaiaretic,acid","C18H22O4, C18H22O4",NA,firefighter,22960.83106, 
79,303.15659-650.6,303.157,650.6,DTXSID5022437,DTXSID5022437,"Nordihydroguaiaretic,acid,,Nordihydroguaiaretic,acid","C18H22O4, C18H22O4",NA,firefighter,32870.21887, 
324,236.07454-85.5,236.0745,85.5,DTXSID0023951,DTXSID0023951,Carboxin,C12H13NO2S,3,nurse, ,9330.902
391,303.23228-759.9,303.232,759.9,DTXSID7022047,DTXSID7022047,"Abietic,acid",C20H30O2,3,nurse, ,120467.8
129,305.10688-505.5,305.107,505.5,DTXSID9020407,DTXSID9020407,"Diazinon,,Diazinon,,Diazinon","C12H21N2O3PS, C12H21N2O3PS, C12H21N2O3PS",yes,firefighter,15873.82366, 
396,307.22707-880.5,307.227,880.5,DTXSID8023399,DTXSID8023399,OXANDROLONE,C19H30O3,1,nurse, ,27079.56
328,243.13581-615.7,243.1358,615.7,DTXSID6027345,DTXSID6027345,Triphenylborane,C18H15B,1,nurse, ,3183.978
329,243.13581-615.7,243.1358,615.7,DTXSID4022442,DTXSID4022442,"Bisphenol,B",C16H18O2,1,nurse, ,3183.978
330,243.13594-618.3,243.1359,618.3,DTXSID6027345,DTXSID6027345,Triphenylborane,C18H15B,1,nurse, ,3298.302
331,243.13594-618.3,243.1359,618.3,DTXSID4022442,DTXSID4022442,"Bisphenol,B",C16H18O2,1,nurse, ,3298.302
332,243.13608-621.4,243.1361,621.4,DTXSID6027345,DTXSID6027345,Triphenylborane,C18H15B,1,nurse, ,2798.728
333,243.13608-621.4,243.1361,621.4,DTXSID4022442,DTXSID4022442,"Bisphenol,B",C16H18O2,1,nurse, ,2798.728
334,244.09483-317.9,244.0948,317.9,DTXSID3022877,DTXSID3022877,Cytarabine,C9H13N3O5,1,nurse, ,520.9135
395,307.22702-884.5,307.227,884.5,DTXSID8023399,DTXSID8023399,OXANDROLONE,C19H30O3,1,nurse, ,24034.84
397,308.12617-624.4,308.126,624.4,DTXSID2059063,DTXSID2059063,3-Hydroxy-2-naphtho-o-phenetidide,C19H17NO3,3,nurse, ,459703.1
398,308.12656-619.1,308.127,619.1,DTXSID2059063,DTXSID2059063,3-Hydroxy-2-naphtho-o-phenetidide,C19H17NO3,3,nurse, ,387639.7
201,309.08156-161.7,309.082,161.7,DTXSID60654260,DTXSID60654260-BTMR0165,"1,1-BIS(TRIFLUOROMETHYL)METHOXY-2-ETHANOL",C5H6F6O2,2,nurse, ,29794.89248
400,309.24291-921.6,309.243,921.6,DTXSID9058600,DTXSID9058600,2-[2-(4-Nonylphenoxy)ethoxy]ethanol,C19H32O3,1,nurse, ,280890.5
401,309.24294-924.7,309.243,924.7,DTXSID9058600,DTXSID9058600,2-[2-(4-Nonylphenoxy)ethoxy]ethanol,C19H32O3,1,nurse, ,276343.1
402,310.20166-383.2,310.202,383.2,DTXSID3023342,DTXSID3023342,NADOLOL,C17H27NO4,3,nurse, ,267861.6
108,311.21895-796.2,311.219,796.2,DTXSID7044972,DTXSID7044972,"1,10-Decanediol,dimethacrylate",C18H30O4,yes,firefighter,12445.38669, 
15,313.12581-403.7,313.126,403.7,DTXSID0044571,DTXSID0044571-BTMR1231,"3-Isopropylphenol,,3-Isopropylphenol","C9H12O, C9H12O",NA,firefighter,21332.05201, 
344,251.20095-944.6,251.201,944.6,DTXSID1058680,DTXSID1058680,"2-[4-(2,4,4-Trimethyl-2-pentanyl)phenoxy]ethanol",C16H26O2,1,nurse, ,9244.422
345,251.20105-939.8,251.2011,939.8,DTXSID1058680,DTXSID1058680,"2-[4-(2,4,4-Trimethyl-2-pentanyl)phenoxy]ethanol",C16H26O2,1,nurse, ,9208.036
405,313.15569-357.5,313.156,357.5,DTXSID1066944,DTXSID1066944,"Ethanediamide,,N-(2-ethoxyphenyl)-N'-(2-ethylphenyl)-",C18H20N2O3,3,nurse, ,796304.3
347,255.13335-105.3,255.1334,105.3,DTXSID0023321,DTXSID0023321,MIDODRINE,C12H18N2O4,1,nurse, ,6319.564
348,255.13604-594.9,255.136,594.9,DTXSID0023321,DTXSID0023321,MIDODRINE,C12H18N2O4,1,nurse, ,668.1678
44,315.13385-481.2,315.134,481.2,DTXSID3044960,DTXSID3044960,"Propane-1,3-diyl,bis(4-aminobenzoate)",C17H18N2O4,yes,firefighter,163057.5693, 
350,265.19126-268.8,265.1913,268.8,DTXSID1043883,DTXSID1043883,TETRACAINE,C15H24N2O2,3,nurse, ,6098.556
407,319.13631-140.1,319.136,140.1,DTXSID5044576,DTXSID5044576,"Acetyltriethyl,citrate",C14H22O8,3,nurse, ,129174.2
408,321.13081-360,321.131,360,DTXSID4041070,DTXSID4041070,"Mycophenolic,acid",C17H20O6,1,nurse, ,21406.99
218,325.0474-165.5,325.047,165.5,DTXSID8059928,DTXSID8059928-BTMR0167,"TETRAFLUOROSUCCINIC,ACID",C4H2F4O4,1,nurse, ,14738.43388
219,325.0474-165.5,325.047,165.5,DTXSID8059970,DTXSID8059970-BTMR0167,"PERFLUOROPROPANOIC,ACID",C3HF5O2,1,nurse, ,14738.43388
43,328.13865-124.9,328.139,124.9,DTXSID3041293,DTXSID3041293-BTMR0166,"2-((Dimethylamino)methyl)phenol,,2-((Dimethylamino)methyl)phenol","C9H13NO, C9H13NO",yes,firefighter,53858.01253, 
171,328.13889-144.3,328.139,144.3,DTXSID30378880,DTXSID30378880-BTMR0224,"2,2-DIFLUOROETHYL,TRIFLATE",C3H3F5O3S,2,nurse, ,11385.90308
173,329.15007-506.9,329.15,506.9,DTXSID30379357,DTXSID30379357-BTMR0165,3(PERFLUORO-2-BUTYL)PROPANOL,C7H7F9O,2,nurse, ,10602.3121
411,331.1885-724.9,331.189,724.9,DTXSID5025021,DTXSID5025021,"Dicyclohexyl,phthalate",C20H26O4,1,nurse, ,75718.51
412,331.18861-727.7,331.189,727.7,DTXSID5025021,DTXSID5025021,"Dicyclohexyl,phthalate",C20H26O4,1,nurse, ,120868.6
29,335.1372-350,335.137,350,DTXSID2020898,DTXSID2020898,"Mitomycin,C,,MITOMYCIN-C","C15H18N4O5, C15H18N4O5",NA,firefighter,893179.8475, 
361,283.15445-628.3,283.1544,628.3,DTXSID4040713,DTXSID4040713,"Octyl,gallate",C15H22O5,1,nurse, ,2609.266
415,335.2199-605.4,335.22,605.4,DTXSID6025068,DTXSID6025068,"Dihexyl,phthalate",C20H30O4,1,nurse, ,90145.4
414,335.21986-609,335.22,609,DTXSID6025068,DTXSID6025068,"Dihexyl,phthalate",C20H30O4,1,nurse, ,95283.55
416,335.21994-613.9,335.22,613.9,DTXSID6025068,DTXSID6025068,"Dihexyl,phthalate",C20H30O4,1,nurse, ,102751.8
417,335.25831-968.5,335.258,968.5,DTXSID20316978,DTXSID20316978,"tetradecyl,4-hydroxybenzoate",C21H34O3,1,nurse, ,18473.25
366,286.9938-220.5,286.9938,220.5,DTXSID8052017,DTXSID8052017,PERFLUORO-3-(1H-PERFLUOROETHOXY)PROPANE,C5HF11O,2,nurse, ,846.1559
47,336.13975-350,336.14,350,DTXSID4020084,DTXSID4020084-BTMR0172,"1-AMYL-1-,NITROSOUREA",C6H13N3O2,NA,firefighter,138017.7176, 
174,336.14002-357.7,336.14,357.7,DTXSID3065586,DTXSID3065586-BTMR0229,"1H,1H-PERFLUOROBUTYL,METHACRYLATE",C8H7F7O2,2,nurse, ,60670.2393
83,338.11823-83.8,338.118,83.8,DTXSID6020725,DTXSID6020725-BTMR0165,1-(2-HYDROXYETHYL)-NITROSO-3-ETHYLUREA,C5H11N3O3,NA,firefighter,55080.99891, 
111,341.1569-640.7,341.157,640.7,DTXSID8021771,DTXSID8021771-BTMR0166,"4-(2-Methylbutan-2-yl)phenol,,4-(2-Methylbutan-2-yl)phenol,,4-(2-Methylbutan-2-yl)phenol","C11H16O, C11H16O, C11H16O",yes,firefighter,15416.81994, 
371,293.05607-236.3,293.0561,236.3,DTXSID60377821,DTXSID60377821,"4:4,FLUOROTELOMER,ALCOHOL",C8H9F9O,2,nurse, ,2042.682
372,293.05675-130.3,293.0568,130.3,DTXSID2073514,DTXSID2073514,"1,8-DINITROPYRENE",C16H8N2O4,1,nurse, ,7170.597
373,293.05675-130.3,293.0568,130.3,DTXSID5074975,DTXSID5074975,"1,3-DINITROPYRENE",C16H8N2O4,1,nurse, ,7170.597
374,293.05675-130.3,293.0568,130.3,DTXSID60377821,DTXSID60377821,"4:4,FLUOROTELOMER,ALCOHOL",C8H9F9O,1,nurse, ,7170.597
419,341.24789-945.8,341.248,945.8,DTXSID10242070,DTXSID10242070,"6,6'-Di-tert-butyl-4,4'-methylenedi-o-cresol",C23H32O2,3,nurse, ,389815.8
421,341.24917-943.3,341.249,943.3,DTXSID10242070,DTXSID10242070,"6,6'-Di-tert-butyl-4,4'-methylenedi-o-cresol",C23H32O2,3,nurse, ,429051.9
420,341.24865-948.1,341.249,948.1,DTXSID10242070,DTXSID10242070,"6,6'-Di-tert-butyl-4,4'-methylenedi-o-cresol",C23H32O2,3,nurse, ,345014
156,342.15619-183.8,342.156,183.8,DTXSID0022436,DTXSID0022436-BTMR0197,"Diphenolic,acid",C17H18O4,1,nurse, ,173550.356
379,295.20121-478.4,295.2012,478.4,DTXSID30198146,DTXSID30198146,PROXYMETACAINE,C16H26N2O3,2,nurse, ,4168.552
200,342.15615-195.2,342.156,195.2,DTXSID60379284,DTXSID60379284-BTMR0501,"2-(PERFLUOROPROPOXY)-1H,1H-PERFLUOROPROPANOL",C6H3F11O2,1,nurse, ,147559.879
422,343.2246-762.4,343.225,762.4,DTXSID001009330,DTXSID001009330,MEGESTROL,C22H30O3,1,nurse, ,116856.3
423,343.22466-767.4,343.225,767.4,DTXSID001009330,DTXSID001009330,MEGESTROL,C22H30O3,1,nurse, ,107992.6
383,297.07283-201.4,297.0728,201.4,DTXSID3066215,DTXSID3066215,(HEPTAFLUOROBUTANOYL)PIVALOYLMETHANE,C10H11F7O2,2,nurse, ,2368.468
384,297.07305-205.5,297.0731,205.5,DTXSID3066215,DTXSID3066215,(HEPTAFLUOROBUTANOYL)PIVALOYLMETHANE,C10H11F7O2,2,nurse, ,2109.042
385,297.07309-209,297.0731,209,DTXSID3066215,DTXSID3066215,(HEPTAFLUOROBUTANOYL)PIVALOYLMETHANE,C10H11F7O2,2,nurse, ,1786.213
424,345.2043-705.4,345.204,705.4,DTXSID8051592,DTXSID8051592,"Bisphenol,A,bis(2-hydroxypropyl),ether",C21H28O4,1,nurse, ,14122.72
426,349.21163-921.9,349.212,921.9,DTXSID2046670,DTXSID2046670,"Roxatidine,acetate,hydrochloride",C19H29ClN2O4,2,nurse, ,19766.73
388,303.15654-583.6,303.1565,583.6,DTXSID5022437,DTXSID5022437,"Nordihydroguaiaretic,acid",C18H22O4,1,nurse, ,2131.495
389,303.15705-646.7,303.1571,646.7,DTXSID5022437,DTXSID5022437,"Nordihydroguaiaretic,acid",C18H22O4,1,nurse, ,6421.159
390,303.15718-611.5,303.1572,611.5,DTXSID5022437,DTXSID5022437,"Nordihydroguaiaretic,acid",C18H22O4,1,nurse, ,4502.281
427,350.12093-126.9,350.121,126.9,DTXSID5046485,DTXSID5046485,Voriconazole,C16H14F3N5O,1,nurse, ,60446.31
392,305.1067-512.8,305.1067,512.8,DTXSID9020407,DTXSID9020407,Diazinon,C12H21N2O3PS,1,nurse, ,3647.002
393,305.10767-508.1,305.1077,508.1,DTXSID9020407,DTXSID9020407,Diazinon,C12H21N2O3PS,1,nurse, ,3635.452
394,307.11366-658.8,307.1137,658.8,DTXSID3020627,DTXSID3020627,Fluconazole,C13H12F2N6O,1,nurse, ,832.1458
428,351.00148-69.8,351.002,69.8,DTXSID00190950,DTXSID00190950,"6:1,FLUOROTELOMER,ALCOHOL",C7H3F13O,2,nurse, ,119352.6
429,351.00148-69.8,351.002,69.8,DTXSID20881338,DTXSID20881338,3-METHOXYPERFLUORO(2-METHYLPENTANE),C7H3F13O,2,nurse, ,119352.6
33,351.12379-124.5,351.124,124.5,DTXSID2022381,DTXSID2022381-BTMR0197,"meso-Hexestrol,,meso-Hexestrol","C18H22O2, C18H22O2",NA,firefighter,20137.44052, 
58,357.11845-350,357.118,350,DTXSID4022527,DTXSID4022527-BTMR0166,"Propylparaben,,Propylparaben,,Propylparaben","C10H12O3, C10H12O3, C10H12O3",NA,firefighter,155360.0976, 
399,309.15333-112.6,309.1533,112.6,DTXSID90294476,DTXSID90294476,diethyl{[dimethyl(phenyl)silyl]methyl}propanedioate,C16H24O4Si,1,nurse, ,360.3117
175,357.11875-357.7,357.119,357.7,DTXSID4021268,DTXSID4021268-BTMR0239,Simazine,C7H12ClN5,3,nurse, ,92974.07779
433,357.24093-941.5,357.241,941.5,DTXSID20319580,DTXSID20319580,"2,6-Di-tert-butyl-4-[methoxy(4-methoxyphenyl)methyl]phenol",C23H32O3,1,nurse, ,85506.71
432,357.24046-946.6,357.241,946.6,DTXSID20319580,DTXSID20319580,"2,6-Di-tert-butyl-4-[methoxy(4-methoxyphenyl)methyl]phenol",C23H32O3,1,nurse, ,92281.92
403,310.27371-678.5,310.2737,678.5,DTXSID1022926,DTXSID1022926,DICYCLOMINE,C19H35NO2,3,nurse, ,310.3093
404,310.27419-1096.8,310.2742,1096.8,DTXSID1022926,DTXSID1022926,DICYCLOMINE,C19H35NO2,3,nurse, ,1605.087
442,363.21688-452.4,363.217,452.4,DTXSID7020714,DTXSID7020714,Hydrocortisone,C21H30O5,2,nurse, ,119172.7
406,315.08139-213,315.0814,213,DTXSID6044226,DTXSID6044226,Valdecoxib,C16H14N2O3S,1,nurse, ,8513.847
133,369.13415-83.3,369.134,83.3,DTXSID9022366,DTXSID9022366-BTMR0512,"Estriol,,Estriol,,OESTRIOL","C18H24O3, C18H24O3, C18H24O3",NA,firefighter,39751.34345, 
443,372.23104-263.1,372.231,263.1,DTXSID1034187,DTXSID1034187,Tamoxifen,C26H29NO,1,nurse, ,14789.49
409,324.04586-338.8,324.0459,338.8,DTXSID7022174,DTXSID7022174,EPN,C14H14NO4PS,3,nurse, ,92.91647
410,331.09971-525.2,331.0997,525.2,DTXSID9047598,DTXSID9047598,"4,4'-Sulfonylbis[2-(prop-2-en-1-yl)phenol]",C18H18O4S,1,nurse, ,1111.33
444,373.1986-386.7,373.199,386.7,DTXSID8023260,DTXSID8023260,Meprednisone,C22H28O5,1,nurse, ,21767.95
25,374.14696-338.2,374.147,338.2,DTXSID1049015,DTXSID1049015,"Prochlorperazine,dimaleate",C28H32ClN3O8S,yes,firefighter,23944.41243, 
413,333.18075-295.6,333.1807,295.6,DTXSID8024159,DTXSID8024159,Isoxaben,C18H24N2O4,1,nurse, ,1648.242
87,375.15464-367,375.155,367,DTXSID6022422,DTXSID6022422-BTMR0171,"4,4'-Diaminobiphenyl,methane,,4,4'-Diaminobiphenyl,methane,,4,4'-Diaminobiphenyl,methane,,4,4'-Diaminobiphenyl,methane","C13H14N2, C13H14N2, C13H14N2, C13H14N2",NA,firefighter,20222.38238, 
446,375.21418-602.4,375.214,602.4,DTXSID7023300,DTXSID7023300,Methylprednisolone,C22H30O5,2,nurse, ,14492.31
447,375.21418-607.4,375.214,607.4,DTXSID7023300,DTXSID7023300,Methylprednisolone,C22H30O5,2,nurse, ,13142.98
448,375.21425-609.7,375.214,609.7,DTXSID7023300,DTXSID7023300,Methylprednisolone,C22H30O5,2,nurse, ,28265.18
418,335.25842-972.4,335.2584,972.4,DTXSID20316978,DTXSID20316978,"tetradecyl,4-hydroxybenzoate",C21H34O3,1,nurse, ,7940.474
45,380.19693-229.4,380.197,229.4,DTXSID3045198,DTXSID3045198,Spiroxatrine,C22H25N3O3,yes,firefighter,18644.5482, 
449,381.24059-943.6,381.241,943.6,DTXSID3072298,DTXSID3072298,"2-Propen-1-one,,1,3-bis[4-(pentyloxy)phenyl]-",C25H32O3,1,nurse, ,35372.55
450,384.3252-745.5,384.325,745.5,DTXSID9048809,DTXSID9048809,Melinamide,C26H41NO,2,nurse, ,14342.16
52,385.23432-665,385.234,665,DTXSID4020614,DTXSID4020614,"Ethynodiol,diacetate,,ETHYNODIAL,DIACETATE","C24H32O4, C24H32O4",NA,firefighter,15479.38063, 
143,385.23432-665,385.234,665,DTXSID9040683,DTXSID9040683,"Megestrol,acetate,,MEGESTROL,ACETATE","C24H32O4, C24H32O4",NA,firefighter,15479.38063, 
8,387.25216-490.6,387.252,490.6,DTXSID0025527,DTXSID0025527,"Medroxyprogesterone,acetate,,MEDROXYPROGESTERONE,ACETATE","C24H34O4, C24H34O4",NA,firefighter,28297.44926, 
425,348.16384-147.6,348.1638,147.6,DTXSID20873152,DTXSID20873152,"Mono(2-ethyl-5-carboxypentyl),phthalate",C16H20O6,1,nurse, ,359.486
452,389.16282-539,389.163,539,DTXSID2044268,DTXSID2044268,"Cetirizine,dihydrochloride",C21H27Cl3N2O3,1,nurse, ,66432.24
451,389.16282-539,389.163,539,DTXSID4022787,DTXSID4022787,CETIRIZINE,C21H25ClN2O3,2,nurse, ,66432.24
152,389.17089-523.4,389.171,523.4,NA,DTXSID5024059-BTMR0171__DTXSID6020511-BTMR0171,NA,NA,yes,firefighter,11666.73523, 
453,391.19179-639.1,391.192,639.1,DTXSID0023242,DTXSID0023242,MECLIZINE,C25H27ClN2,2,nurse, ,10351.14
430,353.08152-543.6,353.0815,543.6,DTXSID8020674,DTXSID8020674,Griseofulvin,C17H17ClO6,1,nurse, ,900.1767
431,355.17312-439.3,355.1731,439.3,DTXSID8048288,DTXSID8048288,VALGANCICLOVIR,C14H22N6O5,1,nurse, ,5679.763
456,393.20909-263.2,393.209,263.2,DTXSID3020384,DTXSID3020384,Dexamethasone,C22H29FO5,2,nurse, ,187753.2
457,405.22473-591.4,405.225,591.4,DTXSID0048686,DTXSID0048686,"Hydrocortisone,acetate",C23H32O6,2,nurse, ,219431.2
434,358.19972-567.4,358.1997,567.4,DTXSID8023345,DTXSID8023345,NALBUPHINE,C21H27NO4,2,nurse, ,609.7023
435,359.18357-492.5,359.1836,492.5,DTXSID4021185,DTXSID4021185,Prednisone,C21H26O5,1,nurse, ,3443.811
436,359.18414-497.5,359.1841,497.5,DTXSID4021185,DTXSID4021185,Prednisone,C21H26O5,1,nurse, ,3842.929
437,359.18762-927.3,359.1876,927.3,DTXSID4021185,DTXSID4021185,Prednisone,C21H26O5,1,nurse, ,507.1236
438,361.17275-700.8,361.1728,700.8,DTXSID3020918,DTXSID3020918,"N,N'-Di-2-naphthyl-p-phenylenediamine",C26H20N2,1,nurse, ,9873.973
439,361.17301-704.3,361.173,704.3,DTXSID3020918,DTXSID3020918,"N,N'-Di-2-naphthyl-p-phenylenediamine",C26H20N2,1,nurse, ,6027.013
440,362.14181-525.2,362.1418,525.2,DTXSID1022681,DTXSID1022681,Bisacodyl,C22H19NO4,3,nurse, ,2352.513
441,362.14194-527.5,362.1419,527.5,DTXSID1022681,DTXSID1022681,Bisacodyl,C22H19NO4,3,nurse, ,2186.997
460,409.18323-263,409.183,263,DTXSID3023631,DTXSID3023631,TAMSULOSIN,C20H28N2O5S,1,nurse, ,11361.42
54,425.13706-568.1,425.137,568.1,DTXSID4021135,DTXSID4021135-BTMR0166,"C.I.,Solvent,Yellow,14,,C.I.,Solvent,Yellow,14,,C.I.,Solvent,Yellow,14","C16H12N2O, C16H12N2O, C16H12N2O",NA,firefighter,200925.0569, 
155,431.16828-165.5,431.168,165.5,DTXSID0022012,DTXSID0022012-BTMR0166,3-Methoxyphenol,C7H8O2,1,nurse, ,13130.33547
445,374.14726-345.7,374.1473,345.7,DTXSID7023514,DTXSID7023514,PROCHLORPERAZINE,C20H24ClN3S,1,nurse, ,9907.593
154,431.16834-169,431.168,169,DTXSID0022012,DTXSID0022012-BTMR0166,3-Methoxyphenol,C7H8O2,1,nurse, ,12634.07928
465,433.00412-64.3,433.004,64.3,DTXSID3059923,DTXSID3059923,"1H,1H,9H-HEXADECAFLUORO-1-NONANOL",C9H4F16O,2,nurse, ,100703.4
466,433.00423-69.3,433.004,69.3,DTXSID3059923,DTXSID3059923,"1H,1H,9H-HEXADECAFLUORO-1-NONANOL",C9H4F16O,2,nurse, ,110446.7
467,434.21679-181.2,434.217,181.2,DTXSID3023340,DTXSID3023340,"Mycophenolate,mofetil",C23H31NO7,2,nurse, ,25955.67
468,447.2625-213.6,447.263,213.6,DTXSID5073113,DTXSID5073113,"Phosphoric,acid,,diphenyl,tetradecyl,ester",C26H39O4P,3,nurse, ,34072.9
82,447.34606-920.9,447.346,920.9,DTXSID5052173,DTXSID5052173,"Bis(2-propylheptyl),phthalate",C28H46O4,yes,firefighter,26160.99377, 
473,468.30881-845.2,468.309,845.2,DTXSID2022705,DTXSID2022705,BUPRENORPHINE,C29H41NO4,2,nurse, ,141172.7
474,468.30897-848.7,468.309,848.7,DTXSID2022705,DTXSID2022705,BUPRENORPHINE,C29H41NO4,2,nurse, ,144797
454,391.19291-635.5,391.1929,635.5,DTXSID0023242,DTXSID0023242,MECLIZINE,C25H27ClN2,2,nurse, ,6514.686
455,391.19302-631.3,391.193,631.3,DTXSID0023242,DTXSID0023242,MECLIZINE,C25H27ClN2,2,nurse, ,5943.506
56,473.19344-331.2,473.193,331.2,DTXSID4021268,DTXSID4021268-BTMR0239,"Simazine,,Simazine,,Simazine,,Simazine,,SIMAZINE","C7H12ClN5, C7H12ClN5, C7H12ClN5, C7H12ClN5, C7H12ClN5",NA,firefighter,19850.04955, 
139,492.2341-338.1,492.234,338.1,DTXSID9025297,DTXSID9025297-BTMR0229,"2-Ethylhexyl,acrylate,,2-Ethylhexyl,acrylate","C11H20O2, C11H20O2",yes,firefighter,23103.5755, 
458,407.19731-505.3,407.1973,505.3,DTXSID8022747,DTXSID8022747,CARVEDILOL,C24H26N2O4,2,nurse, ,7322.673
459,407.19731-505.3,407.1973,505.3,DTXSID5045916,DTXSID5045916,"Carvedilol,tartrate",C28H32N2O10,2,nurse, ,7322.673
475,504.26423-164.2,504.264,164.2,DTXSID5041695,DTXSID5041695,"Butanedioic,acid,,sulfo,-,mono[2-[[(9Z)-1-oxo-9-octadecenyl]amino]ethyl],ester,,disodium,salt",C24H43NO8S,3,nurse, ,20348.82
461,423.24104-444,423.241,444,DTXSID1044279,DTXSID1044279,"DOCUSATE,HYDROGEN",C20H38O7S,2,nurse, ,5646.538
462,424.16565-192.6,424.1657,192.6,DTXSID1046500,DTXSID1046500,"Cloprostenol,sodium",C22H28ClNaO6,2,nurse, ,1053.608
463,426.26204-851.2,426.262,851.2,DTXSID6067096,DTXSID6067096,"Ethanol,,2-[2-[2-(tetradecyloxy)ethoxy]ethoxy],-,hydrogen,sulfate,,sodium,salt",C20H42O7S,1,nurse, ,963.7705
464,426.26233-876,426.2623,876,DTXSID6067096,DTXSID6067096,"Ethanol,,2-[2-[2-(tetradecyloxy)ethoxy]ethoxy],-,hydrogen,sulfate,,sodium,salt",C20H42O7S,1,nurse, ,248.3443
480,536.40709-1128.3,536.407,1128.3,DTXSID1046396,DTXSID1046396,"DL-alpha,Tocopheryl,nicotinate",C35H53NO3,3,nurse, ,59099.87
206,553.24574-183,553.246,183,DTXSID7040362,DTXSID7040362-BTMR0166,Niclosamide,C13H8Cl2N2O4,3,nurse, ,15038.61439
220,553.24574-183,553.246,183,DTXSID9021390,DTXSID9021390-BTMR0224,"1,2,3-Trichloropropane",C3H5Cl3,3,nurse, ,15038.61439
34,583.25417-526.4,583.254,526.4,DTXSID3020120,DTXSID3020120,Azelnidipine,C33H34N4O6,yes,firefighter,373296.6297, 
469,448.15967-553.8,448.1597,553.8,DTXSID3046083,DTXSID3046083,Aripiprazole,C23H27Cl2N3O2,1,nurse, ,2189.652
470,453.23908-382.2,453.2391,382.2,DTXSID6048597,DTXSID6048597,"Delapril,hydrochloride",C26H33ClN2O5,2,nurse, ,7221.244
471,455.06863-127.5,455.0686,127.5,DTXSID90583413,DTXSID90583413,4-((PERFLUOROHEXYL)ETHYL)PHENYLMETHANOL,C15H11F13O,2,nurse, ,7478.238
472,463.01422-62.9,463.0142,62.9,DTXSID50369896,DTXSID50369896,"1H,1H,10H,10H-PERFLUORODECANE-1,10-DIOL",C10H6F16O2,2,nurse, ,3285.685
481,614.78147-244.7,614.782,244.7,DTXSID0044521,DTXSID0044521,"Diatrizoic,acid",C11H9I3N2O4,1,nurse, ,59423.64
150,709.77594-194.4,709.776,194.4,NA,DTXSID3025833-BTMR0234__DTXSID50192686-BTMR0234,NA,NA,yes,firefighter,68100.8621, 
165,709.77599-198.6,709.776,198.6,DTXSID3022877,DTXSID3022877-BTMR0502,Cytarabine,C9H13N3O5,1,nurse, ,21288.14136
476,505.21101-170.7,505.211,170.7,DTXSID2033314,DTXSID2033314,Chlorhexidine,C22H30Cl2N10,1,nurse, ,46.92553
477,505.21137-727,505.2114,727,DTXSID2033314,DTXSID2033314,Chlorhexidine,C22H30Cl2N10,1,nurse, ,7.084956
478,505.2118-346.7,505.2118,346.7,DTXSID2033314,DTXSID2033314,Chlorhexidine,C22H30Cl2N10,1,nurse, ,1205.054
479,525.19392-163.8,525.1939,163.8,DTXSID7041887,DTXSID7041887,"Dipentaerythritol,pentaacrylate",C25H32O12,1,nurse, ,978.6071
166,709.77599-198.6,709.776,198.6,DTXSID3022877,DTXSID3022877-BTMR0171,Cytarabine,C9H13N3O5,1,nurse, ,21288.14136
167,709.77599-198.6,709.776,198.6,DTXSID3022877,DTXSID3022877-BTMR0501,Cytarabine,C9H13N3O5,1,nurse, ,21288.14136
