,featureid,mz,rt,DTXSID,DB_name,name_original,Formula,of_interest,group,mean_visit1,mean_N_OW
260,107.05021-218.3,107.05,218.3,DTXSID7021869,DTXSID7021869,p-Cresol,C7H8O,1,nurse, ,1373116.088
2,269.1321-459.9,269.1321,459.9,DTXSID0020862,DTXSID0020862,"3-Methylcholanthrene,,3-METHYLCHOLANTHRENE",C21H16,NA,firefighter,7139.655007, 
258,107.05021-218.3,107.05,218.3,DTXSID5020152,DTXSID5020152,"Benzyl,alcohol",C7H8O,3,nurse, ,1373116.088
4,463.16357-702.8,463.16357,702.8,DTXSID0022436,DTXSID0022436-BTMR0167,"Diphenolic,acid,,Diphenolic,acid",C23H26O10,NA,firefighter,2363.219079, 
5,463.16357-702.8,463.16357,702.8,DTXSID0022436,DTXSID0022436-BTMR0166,"Diphenolic,acid,,Diphenolic,acid",C23H26O10,NA,firefighter,2363.219079, 
259,107.05021-218.3,107.05,218.3,DTXSID6024200,DTXSID6024200,m-Cresol,C7H8O,3,nurse, ,1373116.088
261,107.05021-218.3,107.05,218.3,DTXSID8021808,DTXSID8021808,o-Cresol,C7H8O,3,nurse, ,1373116.088
263,109.02946-127.2,109.029,127.2,DTXSID3020257,DTXSID3020257,Catechol,C6H6O2,1,nurse, ,578825.6543
9,301.17708-772.8,301.17708,772.8,DTXSID0032572,DTXSID0032572,"Prallethrin,,Prallethrin",C19H24O3,yes,firefighter,9435.230197, 
10,301.17912-438.5,301.17912,438.5,DTXSID0032572,DTXSID0032572,"Prallethrin,,Prallethrin",C19H24O3,yes,firefighter,4691.291178, 
264,109.02946-127.2,109.029,127.2,DTXSID7020716,DTXSID7020716,Hydroquinone,C6H6O2,1,nurse, ,578825.6543
262,109.02946-127.2,109.029,127.2,DTXSID2021238,DTXSID2021238,Resorcinol,C6H6O2,2,nurse, ,578825.6543
265,117.05592-79.5,117.056,79.5,DTXSID3025041,DTXSID3025041,"Diethyl,carbonate",C5H10O3,3,nurse, ,570618.1043
266,117.05592-79.5,117.056,79.5,DTXSID5062184,DTXSID5062184,"Methyl,2-methyllactate",C5H10O3,3,nurse, ,570618.1043
267,117.05592-79.5,117.056,79.5,DTXSID9042336,DTXSID9042336,"(L)-(-)-Ethyl,lactate",C5H10O3,3,nurse, ,570618.1043
268,121.06574-289.6,121.066,289.6,DTXSID2021864,DTXSID2021864,"2,4-Dimethylphenol",C8H10O,1,nurse, ,22079.77671
269,121.06574-289.6,121.066,289.6,DTXSID4024062,DTXSID4024062,"3,4-Dimethylphenol",C8H10O,1,nurse, ,22079.77671
174,123.04516-197.3,123.045,197.3,DTXSID30182964,DTXSID30182964-BTMR0165,(PERFLUOROCYCLOHEXYL)METHANOL,C7H8O2,2,nurse, ,230442.2085
270,129.0557-139.2,129.056,139.2,DTXSID1027007,DTXSID1027007,"Propanoic,anhydride",C6H10O3,3,nurse, ,2899290.078
271,130.08755-88.8,130.088,88.8,DTXSID2022090,DTXSID2022090,4-(2-Hydroxyethyl)morpholine,C6H13NO2,3,nurse, ,11037095.93
272,130.08755-88.8,130.088,88.8,DTXSID2064600,DTXSID2064600,"Sodium,6-aminohexanoate",C6H13NO2,3,nurse, ,11037095.93
225,134.06086-138,134.061,138,DTXSID70565479,DTXSID70565479-BTMR0167,"8-H-PERFLUOROOCTANOIC,ACID",C8H9NO,2,nurse, ,70437.1736
21,135.11667-707.3,135.117,707.3,DTXSID1029124,DTXSID1029124,"1,2,4,5-Tetramethylbenzene,,1,2,4,5-Tetramethylbenzene",C10H14,yes,firefighter,56544.83852, 
32,135.11667-707.3,135.117,707.3,DTXSID2022333,DTXSID2022333,sec-Butylbenzene,C10H14,yes,firefighter,56544.83852, 
46,135.11667-707.3,135.117,707.3,DTXSID3047138,DTXSID3047138,tert-Butylbenzene,C10H14,yes,firefighter,56544.83852, 
61,135.11667-707.3,135.117,707.3,DTXSID4026711,DTXSID4026711,"1,4-Diethylbenzene",C10H14,yes,firefighter,56544.83852, 
27,361.13821-359.7,361.13821,359.7,DTXSID2020137,DTXSID2020137-BTMR0171,"Benzidine,,Benzidine,,Benzidine,,BENZIDINE",C18H20N2O6,NA,firefighter,7292.925851, 
88,135.11667-707.3,135.117,707.3,DTXSID6022472,DTXSID6022472,Butylbenzene,C10H14,yes,firefighter,56544.83852, 
92,135.11667-707.3,135.117,707.3,DTXSID6026119,DTXSID6026119,"1,2,3,5-Tetramethylbenzene",C10H14,yes,firefighter,56544.83852, 
273,137.06056-266.8,137.061,266.8,DTXSID9021976,DTXSID9021976,2-Phenoxyethanol,C8H10O2,1,nurse, ,34692.01987
14,137.09596-473.3,137.096,473.3,DTXSID0044571,DTXSID0044571,"3-Isopropylphenol,,3-Isopropylphenol",C9H12O,NA,firefighter,130992.3543, 
275,143.04987-303.5,143.05,303.5,DTXSID5027061,DTXSID5027061,2-Naphthalenol,C10H8O,1,nurse, ,22244.84997
277,144.04561-315.5,144.046,315.5,DTXSID00620545,DTXSID00620545,"N,N-DIMETHYL-2H-PERFLUOROETHANAMINE",C4H7F4N,1,nurse, ,1492798.982
276,144.04561-315.5,144.046,315.5,DTXSID6025436,DTXSID6025436,"8-Hydroxyquinoline,sulfate",C18H16N2O6S,2,nurse, ,1492798.982
278,144.04561-315.5,144.046,315.5,DTXSID5020730,DTXSID5020730,8-Hydroxyquinoline,C9H7NO,2,nurse, ,1492798.982
30,144.08079-168.3,144.081,168.3,DTXSID2020921,DTXSID2020921,"2-Naphthylamine,,2-Naphthylamine,,2-Naphthylamine,,2-Naphthylamine",C10H9N,NA,firefighter,474751.1573, 
37,285.14089-381.9,285.14089,381.9,DTXSID3021192,DTXSID3021192,"Promethazine,hydrochloride",C17H21ClN2S,yes,firefighter,8865.051062, 
38,285.14373-600,285.14373,600,DTXSID3021192,DTXSID3021192,"Promethazine,hydrochloride",C17H21ClN2S,yes,firefighter,4586.637651, 
279,145.08695-213.6,145.087,213.6,DTXSID7042196,DTXSID7042196,"Butyl,lactate",C7H14O3,1,nurse, ,68823.91752
95,149.09593-613.3,149.096,613.3,DTXSID6048202,DTXSID6048202,"Isopropyl,phenyl,ketone,,Isopropyl,phenyl,ketone",C10H12O,NA,firefighter,114230.9799, 
41,213.12757-1163.3,213.12757,1163.3,DTXSID3022536,DTXSID3022536,"4-Cumylphenol,,4-Cumylphenol,,4-Cumylphenol",C15H16O,NA,firefighter,2388.661105, 
280,149.09672-503,149.097,503,DTXSID3047425,DTXSID3047425,4-Butylphenol,C10H14O,1,nurse, ,19598.09839
281,149.09672-503,149.097,503,DTXSID1020221,DTXSID1020221,4-tert-Butylphenol,C10H14O,1,nurse, ,19598.09839
282,149.09672-503,149.097,503,DTXSID9044825,DTXSID9044825,3-tert-Butylphenol,C10H14O,1,nurse, ,19598.09839
283,149.09672-503,149.097,503,DTXSID7022332,DTXSID7022332,4-(Butan-2-yl)phenol,C10H14O,1,nurse, ,19598.09839
284,149.09672-503,149.097,503,DTXSID2026525,DTXSID2026525,2-tert-Butylphenol,C10H14O,1,nurse, ,19598.09839
286,150.05605-178.1,150.056,178.1,DTXSID8026513,DTXSID8026513,"1,2,3,6-Tetrahydrophthalimide",C8H9NO2,1,nurse, ,540313.2028
48,289.21592-1163.3,289.21592,1163.3,DTXSID4020379,DTXSID4020379,"Dehydroepiandrosterone,,Dehydroepiandrosterone",C19H28O2,NA,firefighter,3656.254997, 
49,289.21605-597.2,289.21605,597.2,DTXSID4020379,DTXSID4020379,"Dehydroepiandrosterone,,Dehydroepiandrosterone",C19H28O2,NA,firefighter,8827.426519, 
50,299.1209-87.8,299.1209,87.8,DTXSID4020402,DTXSID4020402-BTMR0171,"2,4-Diaminotoluene,,2,4-Diaminotoluene,,2,4-DIAMINOTOLUENE",C13H18N2O6,yes,firefighter,5995.57452, 
51,299.12343-495.4,299.12343,495.4,DTXSID4020402,DTXSID4020402-BTMR0171,"2,4-Diaminotoluene,,2,4-Diaminotoluene,,2,4-DIAMINOTOLUENE",C13H18N2O6,yes,firefighter,8034.076598, 
287,150.05605-178.1,150.056,178.1,DTXSID7025134,DTXSID7025134,"1,3-Dimethyl-2-nitrobenzene",C8H9NO2,1,nurse, ,540313.2028
288,150.05605-178.1,150.056,178.1,DTXSID7025132,DTXSID7025132,"1,2-Dimethyl-3-nitrobenzene",C8H9NO2,1,nurse, ,540313.2028
289,150.05605-178.1,150.056,178.1,DTXSID6025567,DTXSID6025567,"Methyl,2-aminobenzoate",C8H9NO2,1,nurse, ,540313.2028
290,150.05605-178.1,150.056,178.1,DTXSID7025136,DTXSID7025136,"1,3-Dimethyl-5-nitrobenzene",C8H9NO2,1,nurse, ,540313.2028
291,150.05605-178.1,150.056,178.1,DTXSID8022082,DTXSID8022082,2-Acetamidophenol,C8H9NO2,1,nurse, ,540313.2028
292,150.05605-178.1,150.056,178.1,DTXSID2025133,DTXSID2025133,"1,2-Dimethyl-4-nitrobenzene",C8H9NO2,1,nurse, ,540313.2028
293,151.05099-109.5,151.051,109.5,DTXSID4020959,DTXSID4020959,2-Methyl-5-nitroaniline,C7H8N2O2,1,nurse, ,23465.96519
294,151.05112-195.6,151.051,195.6,DTXSID4020959,DTXSID4020959,2-Methyl-5-nitroaniline,C7H8N2O2,1,nurse, ,49520.37129
42,152.10709-369.2,152.107,369.2,DTXSID3041293,DTXSID3041293,"2-((Dimethylamino)methyl)phenol,,2-((Dimethylamino)methyl)phenol",C9H13NO,yes,firefighter,12196.02995, 
295,153.01922-189.6,153.019,189.6,DTXSID0025074,DTXSID0025074,"2,4-Dihydroxybenzoic,acid",C7H6O4,3,nurse, ,1460366.908
53,153.06565-101.2,153.066,101.2,DTXSID4020959,DTXSID4020959,"2-Methyl-5-nitroaniline,,2-Methyl-5-nitroaniline,,2-Methyl-5-nitroaniline",C7H8N2O2,NA,firefighter,315804.9547, 
63,299.1209-87.8,299.1209,87.8,DTXSID4027319,DTXSID4027319-BTMR0171,"2,6-Toluenediamine,,2,6-Toluenediamine",C13H18N2O6,yes,firefighter,5995.57452, 
64,299.12343-495.4,299.12343,495.4,DTXSID4027319,DTXSID4027319-BTMR0171,"2,6-Toluenediamine,,2,6-Toluenediamine",C13H18N2O6,yes,firefighter,8034.076598, 
65,185.15367-748.5,185.15367,748.5,DTXSID4034287,DTXSID4034287,"5-Heptyldihydro-2(3H)-furanone,,5-Heptyldihydro-2(3H)-furanone",C11H20O2,yes,firefighter,1682.33894, 
66,185.15368-439.5,185.15368,439.5,DTXSID4034287,DTXSID4034287,"5-Heptyldihydro-2(3H)-furanone,,5-Heptyldihydro-2(3H)-furanone",C11H20O2,yes,firefighter,6884.478974, 
246,164.0717-132.4,164.072,132.4,DTXSID9022780,DTXSID9022780-BTMR0167,CEPHALEXIN,C9H11NO2,3,nurse, ,4503614.636
67,165.09096-265,165.091,265,DTXSID4040711,DTXSID4040711,"Ethyl,2-methylbenzoate,,Ethyl,2-methylbenzoate,,Ethyl,2-methylbenzoate",C10H12O2,NA,firefighter,37905.00224, 
69,285.14089-381.9,285.14089,381.9,DTXSID4046949,DTXSID4046949,"Promazine,hydrochloride",C17H21ClN2S,yes,firefighter,8865.051062, 
70,285.14373-600,285.14373,600,DTXSID4046949,DTXSID4046949,"Promazine,hydrochloride",C17H21ClN2S,yes,firefighter,4586.637651, 
102,165.09096-265,165.091,265,DTXSID7022413,DTXSID7022413,"Isoeugenol,,Isoeugenol",C10H12O2,NA,firefighter,37905.00224, 
298,165.09212-379.2,165.092,379.2,DTXSID6038798,DTXSID6038798,"1,2-Diethoxybenzene",C10H14O2,3,nurse, ,1008470.344
112,165.1274-447.9,165.127,447.9,DTXSID8021771,DTXSID8021771,"4-(2-Methylbutan-2-yl)phenol,,4-(2-Methylbutan-2-yl)phenol,,4-(2-Methylbutan-2-yl)phenol",C11H16O,yes,firefighter,135112.0211, 
134,166.08658-110.1,166.087,110.1,DTXSID9024489,DTXSID9024489-BTMR1242,"5-Amino-2-methylphenol,,5-Amino-2-methylphenol,,5-Amino-2-methylphenol",C9H11NO2,NA,firefighter,1216509.405, 
146,167.08982-132.5,167.09,132.5,DTXSID9048196,DTXSID9048196,"4-tert-Butylbenzenethiol,,4-tert-Butylbenzenethiol",C10H14S,NA,firefighter,258336.3325, 
76,353.07321-308.9,353.07321,308.9,DTXSID5020106,DTXSID5020106-BTMR0165,"L-Ascorbic,acid",C12H16O12,NA,firefighter,2314.763055, 
77,297.18389-547.3,297.18389,547.3,DTXSID5020576,DTXSID5020576,"17alpha-Ethinylestradiol,,17alpha-Ethinylestradiol,,17alpha-Ethinylestradiol,,ETHINYLOESTRADIOL",C20H24O2,NA,firefighter,5447.683615, 
78,297.18583-803.1,297.18583,803.1,DTXSID5020576,DTXSID5020576,"17alpha-Ethinylestradiol,,17alpha-Ethinylestradiol,,17alpha-Ethinylestradiol,,ETHINYLOESTRADIOL",C20H24O2,NA,firefighter,2486.754017, 
107,168.13819-540.8,168.138,540.8,DTXSID7044716,DTXSID7044716,1-Cyclohexylpyrrolidin-2-one,C10H17NO,yes,firefighter,10118.3186, 
299,169.12325-496.5,169.123,496.5,DTXSID0047585,DTXSID0047585,"(3Z)-Hex-3-en-1-yl,2-methylpropanoate",C10H18O2,3,nurse, ,535944.5298
300,169.12325-496.5,169.123,496.5,DTXSID1041475,DTXSID1041475,"3,6-Dimethyl-4-octyne-3,6-diol",C10H18O2,3,nurse, ,535944.5298
301,169.12325-496.5,169.123,496.5,DTXSID3047637,DTXSID3047637,"Methyl,(2E)-2-nonenoate",C10H18O2,3,nurse, ,535944.5298
302,169.12325-496.5,169.123,496.5,DTXSID4022109,DTXSID4022109,gamma-Decanolactone,C10H18O2,3,nurse, ,535944.5298
84,329.24726-913.9,329.24726,913.9,DTXSID6021240,DTXSID6021240,"Retinol,acetate,,Retinol,acetate",C22H32O2,NA,firefighter,3858.875928, 
85,285.12343-504.1,285.12343,504.1,DTXSID60221855,DTXSID60221855,"N-HYDROXY-N,N'-DIACETYLBENZIDINE",C16H16N2O3,NA,firefighter,6821.002479, 
303,169.12325-496.5,169.123,496.5,DTXSID7047437,DTXSID7047437,alpha-Hexyl-gamma-butyrolactone,C10H18O2,3,nurse, ,535944.5298
304,169.12325-496.5,169.123,496.5,DTXSID80146157,DTXSID80146157,"(1S-(1alpha,3alpha,4beta,6alpha))-3,7,7-Trimethylbicyclo(4.1.0)heptane-3,4-diol",C10H18O2,3,nurse, ,535944.5298
305,173.06063-370.2,173.061,370.2,DTXSID7025972,DTXSID7025972,3-Propylidenephthalide,C11H10O2,1,nurse, ,55551.34635
89,285.0947-267.6,285.0947,267.6,DTXSID6024200,DTXSID6024200-BTMR1231,"m-Cresol,,m-Cresol",C13H16O7,yes,firefighter,7175.742355, 
306,173.06063-370.2,173.061,370.2,DTXSID5023247,DTXSID5023247,Menadiol,C11H10O2,2,nurse, ,55551.34635
310,177.09177-353.3,177.092,353.3,DTXSID2047727,DTXSID2047727,2-Ethoxy-5-(1-propenyl)phenol,C11H14O2,1,nurse, ,12261.9097
311,177.09177-353.3,177.092,353.3,DTXSID5025607,DTXSID5025607,Methyleugenol,C11H14O2,1,nurse, ,12261.9097
93,331.22414-987.9,331.22414,987.9,DTXSID6040747,DTXSID6040747,"17alpha-Hydroxyprogesterone,,17alpha-Hydroxyprogesterone",C21H30O3,NA,firefighter,9958.346983, 
94,429.299-720.7,429.299,720.7,DTXSID6043915,DTXSID6043915,"Hydroxyprogesterone,caproate,,17A-HYDROXYPROGESTERONE,CAPROATE",C27H40O4,NA,firefighter,9423.56538, 
312,177.09177-353.3,177.092,353.3,DTXSID0052621,DTXSID0052621,4-Prop-1-enylveratrole,C11H14O2,1,nurse, ,12261.9097
96,301.21605-1163.8,301.21605,1163.8,DTXSID7021239,DTXSID7021239,"all-trans-Retinoic,acid,,all-trans-Retinoic,acid,,all-trans-Retinoic,acid",C20H28O2,NA,firefighter,9979.773191, 
320,177.12809-352.3,177.128,352.3,DTXSID6023523,DTXSID6023523,Propofol,C12H18O,2,nurse, ,15726.08089
98,284.11135-441,284.11135,441,DTXSID7021364,DTXSID7021364-BTMR0171,"2-Methylaniline,hydrochloride,,ORTHO-TOLUIDINE,HYDROCHLORIDE",C13H17NO6,yes,firefighter,3903.015016, 
321,177.12822-625.4,177.128,625.4,DTXSID6023523,DTXSID6023523,Propofol,C12H18O,2,nurse, ,11086.34436
100,285.0947-267.6,285.0947,267.6,DTXSID7021869,DTXSID7021869-BTMR0166,"p-Cresol,,p-Cresol,,p-Cresol,,p-Cresol",C13H16O7,yes,firefighter,7175.742355, 
235,178.05089-141.6,178.051,141.6,DTXSID8045220,DTXSID8045220-BTMR0165,TROPICAMIDE,C9H9NO3,3,nurse, ,1166640.322
7,178.08629-478.2,178.086,478.2,DTXSID0024397,DTXSID0024397,Acetoacetanilide,C10H11NO2,yes,firefighter,12475.7716, 
6,178.08642-189.1,178.086,189.1,DTXSID0024397,DTXSID0024397,Acetoacetanilide,C10H11NO2,yes,firefighter,32470.27308, 
322,179.0574-199.8,179.057,199.8,DTXSID5021336,DTXSID5021336,Theophylline,C7H8N4O2,2,nurse, ,1854522.222
105,361.13821-359.7,361.13821,359.7,DTXSID7025895,DTXSID7025895-BTMR0171,"N-Phenyl-1,4-benzenediamine,,N-Phenyl-1,4-benzenediamine",C18H20N2O6,NA,firefighter,7292.925851, 
17,180.10191-343.6,180.102,343.6,DTXSID1020350,DTXSID1020350-BTMR1242,"2-Methoxy-5-methylaniline,,2-Methoxy-5-methylaniline,,2-Methoxy-5-methylaniline,,2-Methoxy-5-methylaniline",C10H13NO2,NA,firefighter,33411.44664, 
57,181.08612-312.8,181.086,312.8,DTXSID4022527,DTXSID4022527,"Propylparaben,,Propylparaben,,Propylparaben",C10H12O3,NA,firefighter,438456.5597, 
323,183.13891-566.7,183.139,566.7,DTXSID9025297,DTXSID9025297,"2-Ethylhexyl,acrylate",C11H20O2,1,nurse, ,536790.7257
324,183.13891-566.7,183.139,566.7,DTXSID4034287,DTXSID4034287,5-Heptyldihydro-2(3H)-furanone,C11H20O2,1,nurse, ,536790.7257
325,183.13891-566.7,183.139,566.7,DTXSID8035001,DTXSID8035001,"10-Undecenoic,acid",C11H20O2,2,nurse, ,536790.7257
218,187.00715-218.2,187.007,218.2,DTXSID7021106,DTXSID7021106-BTMR0234,Pentachlorophenol,C7H8O4S,1,nurse, ,23889597.01
209,187.00715-218.2,187.007,218.2,DTXSID6023573,DTXSID6023573-BTMR0501,SCOPOLAMINE,C7H8O4S,3,nurse, ,23889597.01
326,187.13376-450.8,187.134,450.8,DTXSID50239828,DTXSID50239828,"Ethyl,8-hydroxyoctanoate",C10H20O3,3,nurse, ,618881.3714
114,423.23745-852.3,423.23745,852.3,DTXSID8022959,DTXSID8022959,"Docusate,sodium,,Docusate,sodium",C20H38O7S,yes,firefighter,8860.774802, 
335,191.06946-320.8,191.069,320.8,DTXSID0047161,DTXSID0047161,"Piperonyl,acetone",C11H12O3,1,nurse, ,40593.93766
116,523.13916-333.5,523.13916,333.5,DTXSID8026270,DTXSID8026270-BTMR0224,"URACIL,MUSTARD",C18H27ClN6O8S,NA,firefighter,1910.770099, 
117,185.15367-748.5,185.15367,748.5,DTXSID8035001,DTXSID8035001,"10-Undecenoic,acid,,10-Undecenoic,acid,,10-Undecenoic,acid",C11H20O2,yes,firefighter,1682.33894, 
118,185.15368-439.5,185.15368,439.5,DTXSID8035001,DTXSID8035001,"10-Undecenoic,acid,,10-Undecenoic,acid,,10-Undecenoic,acid",C11H20O2,yes,firefighter,6884.478974, 
119,185.15368-439.5,185.15368,439.5,DTXSID8044624,DTXSID8044624,"Octyl,prop-2-enoate",C11H20O2,yes,firefighter,6884.478974, 
120,185.15367-748.5,185.15367,748.5,DTXSID8044624,DTXSID8044624,"Octyl,prop-2-enoate",C11H20O2,yes,firefighter,1682.33894, 
121,286.9932-214.6,286.9932,214.6,DTXSID8052017,DTXSID8052017,PERFLUORO-3-(1H-PERFLUOROETHOXY)PROPANE,C5HF11O,yes,firefighter,3225.527232, 
336,191.06946-320.8,191.069,320.8,DTXSID50303199,DTXSID50303199,"methyl,3-(4-methylphenyl)-3-oxopropanoate",C11H12O3,1,nurse, ,40593.93766
339,191.06946-320.8,191.069,320.8,DTXSID1025693,DTXSID1025693,Myristicin,C11H12O3,1,nurse, ,40593.93766
333,191.06946-320.8,191.069,320.8,DTXSID9057680,DTXSID9057680,"5,6-Dimethoxy-1-indanone",C11H12O3,2,nurse, ,40593.93766
334,191.06946-320.8,191.069,320.8,DTXSID7043908,DTXSID7043908,"3-(3,4-Methylenedioxyphenyl)-2-methylpropanal",C11H12O3,2,nurse, ,40593.93766
337,191.06946-320.8,191.069,320.8,DTXSID4040715,DTXSID4040715,"2-Phenoxyethyl,acrylate",C11H12O3,2,nurse, ,40593.93766
338,191.06946-320.8,191.069,320.8,DTXSID8025886,DTXSID8025886,"Ethyl,3-phenylglycidate",C11H12O3,2,nurse, ,40593.93766
109,191.17954-707.7,191.18,707.7,DTXSID7051890,DTXSID7051890,"(E)-beta-Damascone,,(E)-beta-Damascone",C14H22,NA,firefighter,75741.12065, 
344,192.06649-347.9,192.066,347.9,DTXSID00319624,DTXSID00319624,"[Formyl(methyl)amino]methyl,benzoate",C10H11NO3,3,nurse, ,128246.742
345,195.06606-216.7,195.066,216.7,DTXSID9041653,DTXSID9041653,"Methyl,2,4-dihydroxy-3,6-dimethylbenzoate",C10H12O4,1,nurse, ,26687.13963
131,214.08427-337.9,214.08427,337.9,DTXSID9020825,DTXSID9020825,"2-Methoxy-3-aminodibenzofuran,,2-METHOXY-3-AMINODIBENZOFURAN",C13H11NO2,NA,firefighter,8120.848412, 
346,195.06606-342.4,195.066,342.4,DTXSID9041653,DTXSID9041653,"Methyl,2,4-dihydroxy-3,6-dimethylbenzoate",C10H12O4,1,nurse, ,15999.07791
35,195.10154-474.3,195.102,474.3,DTXSID3020209,DTXSID3020209,"Butylparaben,,Butylparaben",C11H14O3,NA,firefighter,77811.31981, 
106,197.15372-447.4,197.154,447.4,DTXSID7026946,DTXSID7026946,"Linalyl,acetate,,Linalyl,acetate,,Linalyl,acetate",C12H20O2,NA,firefighter,54418.65011, 
135,299.1209-87.8,299.1209,87.8,DTXSID9024930,DTXSID9024930-BTMR0171,"3,4-Diaminotoluene,,3,4-Diaminotoluene,,3,4-Diaminotoluene",C13H18N2O6,yes,firefighter,5995.57452, 
136,299.12343-495.4,299.12343,495.4,DTXSID9024930,DTXSID9024930-BTMR0171,"3,4-Diaminotoluene,,3,4-Diaminotoluene,,3,4-Diaminotoluene",C13H18N2O6,yes,firefighter,8034.076598, 
137,185.15368-439.5,185.15368,439.5,DTXSID9025297,DTXSID9025297,"2-Ethylhexyl,acrylate,,2-Ethylhexyl,acrylate",C11H20O2,yes,firefighter,6884.478974, 
138,185.15367-748.5,185.15367,748.5,DTXSID9025297,DTXSID9025297,"2-Ethylhexyl,acrylate,,2-Ethylhexyl,acrylate",C11H20O2,yes,firefighter,1682.33894, 
348,199.09722-132.9,199.097,132.9,DTXSID3026566,DTXSID3026566,"Dimethyl,hexahydroterephthalate",C10H16O4,1,nurse, ,20335.44216
349,199.17043-727.4,199.17,727.4,DTXSID3047552,DTXSID3047552,"Hexyl,hexanoate",C12H24O2,3,nurse, ,10753714.33
141,576.1857-598,576.1857,598,DTXSID9031569,DTXSID9031569-BTMR0224,MERPHALAN,C23H34ClN5O8S,NA,firefighter,6565.405706, 
36,200.07141-123.5,200.071,123.5,DTXSID3020960,DTXSID3020960,"5-Nitroacenaphthene,,5-NITROACENAPHTHENE",C12H9NO2,NA,firefighter,11857.774, 
169,201.02292-289.1,201.023,289.1,DTXSID2020426,DTXSID2020426-BTMR1242,Dicloran,C8H10O4S,1,nurse, ,981064.5984
350,201.11344-322.4,201.113,322.4,DTXSID1044986,DTXSID1044986,"3,6,9,12-Tetraoxatetradeca-1,13-diene",C10H18O4,3,nurse, ,348713.8634
351,201.11344-322.4,201.113,322.4,DTXSID7024667,DTXSID7024667,"1,4-Butanediol,diglycidyl,ether",C10H18O4,3,nurse, ,348713.8634
352,201.11344-322.4,201.113,322.4,DTXSID7041916,DTXSID7041916,"Dibutyl,ethanedioate",C10H18O4,3,nurse, ,348713.8634
353,201.11344-322.4,201.113,322.4,DTXSID9044740,DTXSID9044740,"Dipropan-2-yl,butanedioate",C10H18O4,3,nurse, ,348713.8634
55,202.08589-343.1,202.086,343.1,DTXSID4021268,DTXSID4021268,"Simazine,,Simazine,,Simazine,,Simazine,,SIMAZINE",C7H12ClN5,NA,firefighter,16738.7678, 
127,202.08632-272.5,202.086,272.5,DTXSID9020247,DTXSID9020247,"Carbaryl,,Carbaryl",C12H11NO2,NA,firefighter,108564.8356, 
354,203.00199-193.9,203.002,193.9,DTXSID70220051,DTXSID70220051,"4-(2,2-Dimethylpropyl)-3H-1,2-dithiole-3-thione",C8H12S3,3,nurse, ,2255016.615
151,389.17101-381.9,389.17101,381.9,NA,DTXSID5024059-BTMR0171__DTXSID6020511-BTMR0171,NA,C20H24N2O6,yes,firefighter,1654.078707, 
355,203.08273-168.3,203.083,168.3,DTXSID2020927,DTXSID2020927,"Nickel,dibutyldithiocarbamate",C18H36N2NiS4,2,nurse, ,3968590.291
356,203.08273-168.3,203.083,168.3,DTXSID6045161,DTXSID6045161,Idazoxan,C11H12N2O2,2,nurse, ,3968590.291
357,203.08273-168.3,203.083,168.3,DTXSID6044800,DTXSID6044800,"Sodium,dibutylcarbamodithioate",C9H18NNaS2,2,nurse, ,3968590.291
358,203.08273-168.3,203.083,168.3,DTXSID0021462,DTXSID0021462,"Zinc,dibutyldithiocarbamate",C18H36N2S4Zn,2,nurse, ,3968590.291
159,209.05874-262.1,209.059,262.1,DTXSID00379884,DTXSID00379884-BTMR0222,"3-(PERFLUORO-3-METHYLBUTYL)-1,2-PROPENOXIDE",C9H10N2O4,1,nurse, ,180215.2986
157,532.25938-760.1,532.25938,760.1,DTXSID0022436,DTXSID0022436-BTMR0166,"Diphenolic,acid",C28H39NO9,1,nurse, ,2224.099618
154,209.05874-262.1,209.059,262.1,DTXSID0020074,DTXSID0020074-BTMR0167,Gabapentin,C9H10N2O4,2,nurse, ,180215.2986
361,213.01505-235.1,213.015,235.1,DTXSID30880135,DTXSID30880135,1-PERFLUOROPROPYLETHANOL,C5H5F7O,2,nurse, ,75285.43423
362,213.01505-235.1,213.015,235.1,DTXSID50382141,DTXSID50382141,"3:2,FLUOROTELOMER,ALCOHOL",C5H5F7O,2,nurse, ,75285.43423
161,427.11116-478.1,427.11116,478.1,DTXSID0038700,DTXSID0038700-BTMR0171,2-Methoxy-4-nitroaniline,C21H20N2O8,1,nurse, ,8011.865587
363,213.01505-235.1,213.015,235.1,DTXSID60591585,DTXSID60591585,"METHYL,2H,2H-PERFLUOROBUTYL,ETHER",C5H5F7O,2,nurse, ,75285.43423
163,368.07209-457.7,368.07209,457.7,DTXSID10171538,DTXSID10171538-BTMR0229,"1H,1H,9H-PERFLUORONONYL,METHACRYLATE",C12H20ClN3O6S,1,nurse, ,302.7279869
364,213.01505-235.1,213.015,235.1,DTXSID00382171,DTXSID00382171,2(PERFLUORO-2-PROPYL)ETHANOL,C5H5F7O,2,nurse, ,75285.43423
248,213.02272-324.4,213.023,324.4,DTXSID9024930,DTXSID9024930-BTMR1242,"3,4-Diaminotoluene",C9H10O4S,1,nurse, ,845949.6829
166,395.2066-342.8,395.2066,342.8,DTXSID10880178,DTXSID10880178-BTMR0229,"HEXAFLUOROISOPROPYL,ACRYLATE",C21H32O7,1,nurse, ,2393.072424
130,214.08717-205,214.087,205,DTXSID9020825,DTXSID9020825,"2-Methoxy-3-aminodibenzofuran,,2-METHOXY-3-AMINODIBENZOFURAN",C13H11NO2,NA,firefighter,14897.74024, 
365,215.03335-67,215.033,67,DTXSID5029211,DTXSID5029211,"2,6-Naphthalenedicarboxylic,acid",C12H8O4,3,nurse, ,1589508.732
160,215.0377-346.3,215.038,346.3,DTXSID00382171,DTXSID00382171-BTMR0501,2(PERFLUORO-2-PROPYL)ETHANOL,C9H12O4S,2,nurse, ,19282.05324
240,217.01603-267.1,217.016,267.1,DTXSID9020116,DTXSID9020116-BTMR0501,5-Azacytidine,C8H10O5S,3,nurse, ,602263.3246
81,222.11283-278.6,222.113,278.6,DTXSID5044526,DTXSID5044526,N-(4-Ethoxyphenyl)-3-oxobutanamide,C12H15NO3,yes,firefighter,21712.37295, 
172,273.04329-159.5,273.04329,159.5,DTXSID20880129,DTXSID20880129-BTMR0501,"1H,1H-PERFLUORO-1-PENTANOL",C11H14O6S,2,nurse, ,2625.988109
110,222.11283-278.6,222.113,278.6,DTXSID7057737,DTXSID7057737,3'-Acetyl-4'-hydroxybutyranilide,C12H15NO3,yes,firefighter,21712.37295, 
128,222.11283-278.6,222.113,278.6,DTXSID9020249,DTXSID9020249,Carbofuran,C12H15NO3,yes,firefighter,21712.37295, 
148,223.09662-312.8,223.097,312.8,NA,DTXSID5052701-phthalates,NA,C12H14O4,yes,firefighter,181964.6841, 
368,223.17025-718.9,223.17,718.9,DTXSID1047152,DTXSID1047152,"Geranyl,butyrate",C14H24O2,3,nurse, ,671760.2769
369,223.17025-718.9,223.17,718.9,DTXSID6047490,DTXSID6047490,"Linalyl,isobutyrate",C14H24O2,3,nurse, ,671760.2769
370,225.14911-503,225.149,503,DTXSID2029325,DTXSID2029325,"Methyl,dihydrojasmonate",C13H22O3,1,nurse, ,28388.64163
179,562.25002-535.9,562.25002,535.9,DTXSID3032416,DTXSID3032416-BTMR0214,Cybutryne,C32H37NO8,1,nurse, ,5452.218135
180,399.13161-227.7,399.13161,227.7,DTXSID3032626,DTXSID3032626-BTMR0214,Methiocarb,C19H20N4O6,1,nurse, ,396.1163093
181,399.1303-330.4,399.1303,330.4,DTXSID3032626,DTXSID3032626-BTMR0214,Methiocarb,C19H20N4O6,1,nurse, ,1365.051674
371,225.14911-503,225.149,503,DTXSID80883873,DTXSID80883873,"Cyclopentaneacetic,acid,,3-oxo-2-pentyl,-,methyl,ester,,(1R,2R)-",C13H22O3,1,nurse, ,28388.64163
183,327.13426-502,327.13426,502,DTXSID30379357,DTXSID30379357-BTMR0165,3(PERFLUORO-2-BUTYL)PROPANOL,C15H22NO7,1,nurse, ,4048.638459
184,327.13484-602.8,327.13484,602.8,DTXSID30379357,DTXSID30379357-BTMR0165,3(PERFLUORO-2-BUTYL)PROPANOL,C15H22NO7,2,nurse, ,4907.390265
372,225.18613-776.1,225.186,776.1,DTXSID5041568,DTXSID5041568,"9-Tetradecenoic,acid,,(9Z)-",C14H26O2,3,nurse, ,2705645.034
373,225.18613-776.1,225.186,776.1,DTXSID7027041,DTXSID7027041,"2,4,7,9-Tetramethyl-5-decyne-4,7-diol",C14H26O2,3,nurse, ,2705645.034
22,226.02448-131.5,226.024,131.5,DTXSID1032519,DTXSID1032519-BTMR0214,"Acibenzolar-S-methyl,,Acibenzolar-S-methyl",C9H9N2OS2,NA,firefighter,31774.73015, 
23,226.02455-110.6,226.025,110.6,DTXSID1032519,DTXSID1032519-BTMR0214,"Acibenzolar-S-methyl,,Acibenzolar-S-methyl",C9H9N2OS2,NA,firefighter,23007.3581, 
140,227.12557-405.2,227.126,405.2,DTXSID9025401,DTXSID9025401,"1,6-Hexanediol,diacrylate,,1,6-Hexanediol,diacrylate",C12H18O4,NA,firefighter,67417.69184, 
19,228.12846-250.2,228.128,250.2,DTXSID1023869,DTXSID1023869,"Ametryn,,Ametryn,,Ametryn,,Ametryn",C9H17N5S,NA,firefighter,20022.00833, 
162,229.05412-384.6,229.054,384.6,DTXSID0060985,DTXSID0060985-BTMR0226,"HEXAFLUOROGLUTARYL,CHLORIDE",C10H14O4S,2,nurse, ,1752610.491
185,229.05412-384.6,229.054,384.6,DTXSID30382048,DTXSID30382048-BTMR0165,"3-(PERFLUORO-1-PROPYL)-1,2-PROPANEDIOL",C10H14O4S,2,nurse, ,1752610.491
193,315.16308-544.1,315.16308,544.1,DTXSID5021386,DTXSID5021386-BTMR0237,"2,4,6-Trichlorophenol",C19H24O4,1,nurse, ,9359.256541
194,381.10131-312.2,381.10131,312.2,DTXSID5021386,DTXSID5021386-BTMR0166,"2,4,6-Trichlorophenol",C18H22O7S,1,nurse, ,2665.975172
195,381.10332-202.6,381.10332,202.6,DTXSID5021386,DTXSID5021386-BTMR0166,"2,4,6-Trichlorophenol",C18H22O7S,1,nurse, ,1995.23912
219,229.05412-384.6,229.054,384.6,DTXSID7021152,DTXSID7021152-BTMR0166,4-Phenylphenol,C10H14O4S,2,nurse, ,1752610.491
197,315.16308-544.1,315.16308,544.1,DTXSID5021386,DTXSID5021386-BTMR0235,"2,4,6-Trichlorophenol",C19H24O4,1,nurse, ,9359.256541
198,395.2066-342.8,395.2066,342.8,DTXSID5023407,DTXSID5023407-BTMR0165,OXYCODONE,C21H32O7,2,nurse, ,2393.072424
249,229.05412-384.6,229.054,384.6,DTXSID9027073,DTXSID9027073-BTMR0244,"Ethylenediaminetetraacetic,acid,,disodium,salt",C10H14O4S,3,nurse, ,1752610.491
40,229.08644-167.8,229.086,167.8,DTXSID3022405,DTXSID3022405,"2-Hydroxy-4-methoxybenzophenone,,2-Hydroxy-4-methoxybenzophenone",C14H12O3,NA,firefighter,14679.01413, 
201,482.06848-208,482.06848,208,DTXSID5060986,DTXSID5060986-BTMR0229,"1H,1H,5H,5H-PERFLUORO-1,5-PENTANEDIOL,DIACRYLATE",C14H18F5N3O8S,2,nurse, ,7.544413353
202,368.07209-457.7,368.07209,457.7,DTXSID50880415,DTXSID50880415-BTMR0222,"3-(PERFLUOROOCTYL)-1,2-PROPENOXIDE",C12H20ClN3O6S,1,nurse, ,302.7279869
203,353.16172-664.8,353.16172,664.8,DTXSID6021793,DTXSID6021793-BTMR0166,1-Naphthol,C18H26O7,1,nurse, ,5227.509332
28,240.10213-119.1,240.102,119.1,DTXSID2020719,DTXSID2020719,N-HYDROXY-2-(ACETYLAMINO)FLUORENE,C15H13NO2,NA,firefighter,111770.3095, 
16,241.09759-441,241.098,441,DTXSID0044995,DTXSID0044995,9-Ethyl-3-nitro-9H-carbazole,C14H12N2O2,yes,firefighter,15959.19242, 
206,471.24346-228.8,471.24346,228.8,DTXSID6022923,DTXSID6022923-BTMR0167,DICLOFENAC,C24H40O7S,3,nurse, ,4981.176827
207,471.24346-228.8,471.24346,228.8,DTXSID6023496,DTXSID6023496-BTMR0171,PRAMIPEXOLE,C24H40O7S,3,nurse, ,4981.176827
208,228.10674-257.4,228.10674,257.4,DTXSID6023573,DTXSID6023573-BTMR0222,SCOPOLAMINE,C9H17N4OS,3,nurse, ,5310.467336
376,241.2175-899.5,241.218,899.5,DTXSID1052248,DTXSID1052248,(Ethoxymethoxy)cyclododecane,C15H30O2,3,nurse, ,3735140.439
210,505.24267-300,505.24267,300,DTXSID6037807,DTXSID6037807-BTMR0166,2-Hydroxyatrazine,C27H38O9,1,nurse, ,638.9045339
211,505.24373-622.5,505.24373,622.5,DTXSID6037807,DTXSID6037807-BTMR0166,2-Hydroxyatrazine,C27H38O9,1,nurse, ,43.6434156
377,241.2175-899.5,241.218,899.5,DTXSID2021652,DTXSID2021652,"Pentadecanoic,acid",C15H30O2,3,nurse, ,3735140.439
378,241.2175-899.5,241.218,899.5,DTXSID3041904,DTXSID3041904,"Isopropyl,Laurate",C15H30O2,3,nurse, ,3735140.439
214,339.05386-332.6,339.05386,332.6,DTXSID6048339,DTXSID6048339-BTMR0157,ROCURONIUM,C10H13F5O7,2,nurse, ,7609.526216
215,339.05351-258,339.05351,258,DTXSID6048339,DTXSID6048339-BTMR0157,ROCURONIUM,C10H13F5O7,2,nurse, ,2870.397841
379,241.2175-899.5,241.218,899.5,DTXSID3052432,DTXSID3052432,"2,4,6,8-Tetramethylnonyl,acetate",C15H30O2,3,nurse, ,3735140.439
217,307.06418-526.4,307.06418,526.4,DTXSID60654260,DTXSID60654260-BTMR0165,"1,1-BIS(TRIFLUOROMETHYL)METHOXY-2-ETHANOL",C15H16O5S,2,nurse, ,722.4736329
380,241.2175-899.5,241.218,899.5,DTXSID5027019,DTXSID5027019,"Methyl,tetradecanoate",C15H30O2,3,nurse, ,3735140.439
60,242.14467-473.3,242.145,473.3,DTXSID4024272,DTXSID4024272,"Prometryn,,Prometryn",C10H19N5S,NA,firefighter,104527.4751, 
220,456.97583-218.3,456.97583,218.3,DTXSID7027831,DTXSID7027831-BTMR0501,N-METHYL-N-(2-HYDROXYETHYL)PERFLUOROOCTANESULFONAMIDE,C9H7F13O4S,2,nurse, ,1591.954019
158,244.06551-83.4,244.066,83.4,DTXSID0022640,DTXSID0022640-BTMR0167,Aztreonam,C10H15NO4S,3,nurse, ,17616.972
243,245.01218-280.6,245.012,280.6,DTXSID90209646,DTXSID90209646-BTMR0233,"Benzene,,pentabromo-",C9H10O6S,1,nurse, ,147639.7877
223,339.05351-258,339.05351,258,DTXSID7045998,DTXSID7045998-BTMR0166,RIFAXIMIN,C10H13F5O7,2,nurse, ,2870.397841
224,339.05386-332.6,339.05386,332.6,DTXSID7045998,DTXSID7045998-BTMR0166,RIFAXIMIN,C10H13F5O7,2,nurse, ,7609.526216
381,245.04861-304.5,245.049,304.5,DTXSID1024625,DTXSID1024625,"1,2-Bis(phenylthio)ethane",C14H14S2,2,nurse, ,303389.6272
226,339.14749-809.3,339.14749,809.3,DTXSID70880134,DTXSID70880134-BTMR0165,1-PENTAFLUOROETHYLETHANOL,C17H24O7,2,nurse, ,1330.065838
227,339.14402-445.5,339.14402,445.5,DTXSID70880134,DTXSID70880134-BTMR0165,1-PENTAFLUOROETHYLETHANOL,C17H24O7,2,nurse, ,402.4165742
228,463.23231-452.5,463.23231,452.5,DTXSID80184039,DTXSID80184039-BTMR0229,"(6H-PERFLUOROHEXYL)METHYL,ACRYLATE",C25H36O8,1,nurse, ,1588.15634
229,463.23235-595.5,463.23235,595.5,DTXSID80184039,DTXSID80184039-BTMR0229,"(6H-PERFLUOROHEXYL)METHYL,ACRYLATE",C25H36O8,2,nurse, ,6472.059852
384,245.08138-296,245.081,296,DTXSID7020392,DTXSID7020392,"Diallyl,phthalate",C14H14O4,1,nurse, ,12072.82574
231,546.20942-203.2,546.20942,203.2,DTXSID8022824,DTXSID8022824-BTMR0168,Ciprofloxacin,C18H37N5O12S,2,nurse, ,529.7242962
232,294.05516-204.7,294.05516,204.7,DTXSID8023135,DTXSID8023135-BTMR0244,HYDROXYCHLOROQUINE,C12H13N3O4S,3,nurse, ,221.6583194
385,245.08138-296,245.081,296,DTXSID7051559,DTXSID7051559,"Diallyl,isophthalate",C14H14O4,1,nurse, ,12072.82574
234,459.18017-371.2,459.18017,371.2,DTXSID8035001,DTXSID8035001-BTMR0167,"10-Undecenoic,acid",C23H28N2O8,2,nurse, ,9838.279432
386,246.9811-77.2,246.981,77.2,DTXSID70379730,DTXSID70379730,"5H-OCTAFLUOROPENTANOYL,FLUORIDE",C5HF9O,2,nurse, ,18196.67732
236,433.0162-217.1,433.0162,217.1,DTXSID8052693,DTXSID8052693-BTMR0234,"2,2',3,4,4',5',6-Heptabromodiphenyl,ether",C12H10F8O8,2,nurse, ,537.2933138
387,247.13359-416.9,247.134,416.9,DTXSID7044970,DTXSID7044970,"2-(3a,4,5,6,7,7a-Hexahydro-1H-4,7-methanoinden-8-yloxy)ethyl,prop-2-enoate",C15H20O3,2,nurse, ,17122.51483
238,313.0952-371.2,313.0952,371.2,DTXSID9020116,DTXSID9020116-BTMR0171,5-Azacytidine,C14H18O8,2,nurse, ,3070.226332
239,313.0927-235.2,313.0927,235.2,DTXSID9020116,DTXSID9020116-BTMR0171,5-Azacytidine,C14H18O8,2,nurse, ,1989.918534
149,249.10997-354,249.11,354,NA,DTXSID3052729-phthalates,NA,C14H16O4,yes,firefighter,116712.1711, 
388,249.11287-362.7,249.113,362.7,DTXSID2040731,DTXSID2040731,"Diisopropyl,phthalate",C14H18O4,3,nurse, ,386665.2792
389,249.11287-362.7,249.113,362.7,DTXSID5031133,DTXSID5031133,"Dipropyl,phthalate",C14H18O4,3,nurse, ,386665.2792
74,249.18311-707.3,249.183,707.3,DTXSID4059542,DTXSID4059542,"Benzeneacetic,acid,,octyl,ester",C16H24O2,yes,firefighter,134741.2213, 
244,345.13213-342.3,345.13213,342.3,DTXSID9021976,DTXSID9021976-BTMR0165,2-Phenoxyethanol,C14H22N2O8,2,nurse, ,5231.901861
245,345.1312-561.5,345.1312,561.5,DTXSID9021976,DTXSID9021976-BTMR0165,2-Phenoxyethanol,C14H22N2O8,2,nurse, ,626.645654
126,249.18311-707.3,249.183,707.3,DTXSID8069985,DTXSID8069985,"Benzaldehyde,,2-hydroxy-5-nonyl-",C16H24O2,yes,firefighter,134741.2213, 
247,482.16538-371.4,482.16538,371.4,DTXSID9023546,DTXSID9023546-BTMR0165,QUETIAPINE,C22H30ClN3O7,2,nurse, ,5046.210564
73,249.18477-728.1,249.185,728.1,DTXSID4059542,DTXSID4059542,"Benzeneacetic,acid,,octyl,ester",C16H24O2,yes,firefighter,128976.8404, 
123,249.18477-728.1,249.185,728.1,DTXSID8069985,DTXSID8069985,"Benzaldehyde,,2-hydroxy-5-nonyl-",C16H24O2,yes,firefighter,128976.8404, 
72,249.18479-676.9,249.185,676.9,DTXSID4059542,DTXSID4059542,"Benzeneacetic,acid,,octyl,ester",C16H24O2,yes,firefighter,44893.17086, 
122,249.18479-676.9,249.185,676.9,DTXSID8069985,DTXSID8069985,"Benzaldehyde,,2-hydroxy-5-nonyl-",C16H24O2,yes,firefighter,44893.17086, 
71,249.18492-499.6,249.185,499.6,DTXSID4059542,DTXSID4059542,"Benzeneacetic,acid,,octyl,ester",C16H24O2,yes,firefighter,27387.3861, 
125,249.18492-499.6,249.185,499.6,DTXSID8069985,DTXSID8069985,"Benzaldehyde,,2-hydroxy-5-nonyl-",C16H24O2,yes,firefighter,27387.3861, 
75,249.18498-1177,249.185,1177,DTXSID4059542,DTXSID4059542,"Benzeneacetic,acid,,octyl,ester",C16H24O2,yes,firefighter,22942.59694, 
124,249.18498-1177,249.185,1177,DTXSID8069985,DTXSID8069985,"Benzaldehyde,,2-hydroxy-5-nonyl-",C16H24O2,yes,firefighter,22942.59694, 
393,253.05033-286,253.05,286,DTXSID9022310,DTXSID9022310,Daidzein,C15H10O4,1,nurse, ,12246.663
394,253.21757-883.9,253.218,883.9,DTXSID1051987,DTXSID1051987,"Tridecyl,acrylate",C16H30O2,3,nurse, ,34630497.69
395,253.21757-883.9,253.218,883.9,DTXSID1052402,DTXSID1052402,"2,5,8,11-Tetramethyldodec-6-yne-5,8-diol",C16H30O2,3,nurse, ,34630497.69
396,253.21757-883.9,253.218,883.9,DTXSID5041564,DTXSID5041564,"9-Hexadecenoic,acid",C16H30O2,3,nurse, ,34630497.69
252,255.06582-268.9,255.066,268.9,DTXSID90868151,DTXSID90868151-BTMR0167,"Perfluorotridecanoic,acid",C15H12O4,2,nurse, ,23473.38074
253,255.0659-343.3,255.066,343.3,DTXSID90868151,DTXSID90868151-BTMR0167,"Perfluorotridecanoic,acid",C15H12O4,1,nurse, ,14893.37379
145,255.15704-371.1,255.157,371.1,DTXSID9044455,DTXSID9044455,"1,6-Hexanediol,dimethacrylate",C14H22O4,yes,firefighter,23038.28315, 
144,255.15733-584.3,255.157,584.3,DTXSID9044455,DTXSID9044455,"1,6-Hexanediol,dimethacrylate",C14H22O4,yes,firefighter,11303.41671, 
26,255.23194-697.4,255.232,697.4,DTXSID1051987,DTXSID1051987,"Tridecyl,acrylate",C16H30O2,yes,firefighter,20514.75194, 
62,255.23194-697.4,255.232,697.4,DTXSID4027103,DTXSID4027103,"Dodecyl,2-methylacrylate",C16H30O2,yes,firefighter,20514.75194, 
397,255.23418-945.5,255.234,945.5,DTXSID2021602,DTXSID2021602,"Hexadecanoic,acid",C16H32O2,3,nurse, ,81920297.08
398,255.23418-945.5,255.234,945.5,DTXSID2041127,DTXSID2041127,"Sodium,palmitate",C16H32O2,3,nurse, ,81920297.08
399,255.23418-945.5,255.234,945.5,DTXSID9067726,DTXSID9067726,"Isohexadecanoic,acid",C16H32O2,3,nurse, ,81920297.08
400,263.1398-239.5,263.14,239.5,DTXSID6041133,DTXSID6041133,"Suberoylanilide,hydroxamic,acid",C14H20N2O3,1,nurse, ,10320.14558
401,263.1398-239.5,263.14,239.5,DTXSID3057800,DTXSID3057800,Propacetamol,C14H20N2O3,2,nurse, ,10320.14558
402,263.20117-823.9,263.201,823.9,DTXSID2036588,DTXSID2036588,"Glycols,,polyethylene,,mono(p-nonylphenyl),ether",C17H28O2,3,nurse, ,17712.91399
403,267.23309-928.9,267.233,928.9,DTXSID8029236,DTXSID8029236,"Tridecyl,methacrylate",C17H32O2,3,nurse, ,1102192.073
404,269.04506-314.5,269.045,314.5,DTXSID5022308,DTXSID5022308,Genistein,C15H10O5,2,nurse, ,147077.1543
274,142.06603-347.8,142.06603,347.8,DTXSID2020921,DTXSID2020921,2-Naphthylamine,C10H9N,1,nurse, ,2417.540312
405,269.04506-314.5,269.045,314.5,DTXSID6022391,DTXSID6022391,Apigenin,C15H10O5,2,nurse, ,147077.1543
142,269.12616-159.3,269.126,159.3,DTXSID9036854,DTXSID9036854,"N,N'-DIACETYLBENZIDINE",C16H16N2O2,NA,firefighter,125985.1495, 
3,269.13219-688.9,269.132,688.9,DTXSID0020862,DTXSID0020862,"3-Methylcholanthrene,,3-METHYLCHOLANTHRENE",C21H16,NA,firefighter,28679.12762, 
406,269.24887-987.8,269.249,987.8,DTXSID0026838,DTXSID0026838,"Isopropyl,tetradecanoate",C17H34O2,3,nurse, ,2293977.586
407,269.24887-987.8,269.249,987.8,DTXSID4029149,DTXSID4029149,"Methyl,hexadecanoate",C17H34O2,3,nurse, ,2293977.586
408,269.24887-987.8,269.249,987.8,DTXSID5021596,DTXSID5021596,"Heptadecanoic,acid",C17H34O2,3,nurse, ,2293977.586
173,273.04333-266,273.043,266,DTXSID20880129,DTXSID20880129-BTMR0501,"1H,1H-PERFLUORO-1-PENTANOL",C11H14O6S,2,nurse, ,24242.5377
104,273.08463-309.8,273.085,309.8,DTXSID7025558,DTXSID7025558,4-Methoxy-3-nitro-N-phenylbenzamide,C14H12N2O4,yes,firefighter,104893.5451, 
103,273.08471-330.7,273.085,330.7,DTXSID7025558,DTXSID7025558,4-Methoxy-3-nitro-N-phenylbenzamide,C14H12N2O4,yes,firefighter,89372.19685, 
1,273.18504-1163.3,273.185,1163.3,DTXSID0020573,DTXSID0020573,"17beta-Estradiol,,17beta-Estradiol,,ESTRADIOL-17B,,17beta-Estradiol",C18H24O2,NA,firefighter,36848.69766, 
285,149.09683-175.4,149.09683,175.4,DTXSID3047425,DTXSID3047425,4-Butylphenol,C10H14O,1,nurse, ,2533.660904
113,273.18504-1163.3,273.185,1163.3,DTXSID8022377,DTXSID8022377,"17alpha-Estradiol,,17alpha-Estradiol",C18H24O2,NA,firefighter,36848.69766, 
256,277.14284-360.2,277.143,360.2,DTXSID90880131,DTXSID90880131-BTMR0229,"1H,1H,5H-PERFLUOROPENTYL,METHACRYLATE",C16H22O4,2,nurse, ,18177.40615
254,277.14394-617.7,277.144,617.7,DTXSID90880131,DTXSID90880131-BTMR0229,"1H,1H,5H-PERFLUOROPENTYL,METHACRYLATE",C16H22O4,1,nurse, ,53506.67513
410,277.14394-617.7,277.144,617.7,DTXSID2021781,DTXSID2021781,"Dibutyl,phthalate",C16H22O4,1,nurse, ,53506.67513
411,277.14394-617.7,277.144,617.7,DTXSID3022168,DTXSID3022168,"Dibutyl,terephthalate",C16H22O4,1,nurse, ,53506.67513
412,277.14394-617.7,277.144,617.7,DTXSID2025680,DTXSID2025680,MEHP,C16H22O4,1,nurse, ,53506.67513
409,277.14394-617.7,277.144,617.7,DTXSID9022522,DTXSID9022522,"Diisobutyl,phthalate",C16H22O4,2,nurse, ,53506.67513
255,277.14421-470.8,277.144,470.8,DTXSID90880131,DTXSID90880131-BTMR0229,"1H,1H,5H-PERFLUOROPENTYL,METHACRYLATE",C16H22O4,2,nurse, ,24164.92958
413,277.2175-871.5,277.218,871.5,DTXSID7025506,DTXSID7025506,"Linolenic,acid",C18H30O2,3,nurse, ,28151216.77
414,279.16295-778.9,279.163,778.9,DTXSID4029193,DTXSID4029193,"Dicyclohexyl,maleate",C16H24O4,3,nurse, ,70605.95882
296,163.11242-445.1,163.11242,445.1,DTXSID8021771,DTXSID8021771,4-(2-Methylbutan-2-yl)phenol,C11H16O,1,nurse, ,5006.681866
297,163.11246-758.7,163.11246,758.7,DTXSID8021771,DTXSID8021771,4-(2-Methylbutan-2-yl)phenol,C11H16O,1,nurse, ,1586.756415
39,282.11988-91.8,282.12,91.8,DTXSID3021932,DTXSID3021932-BTMR0165,"Diethanolamine,,Diethanolamine",C10H19NO8,NA,firefighter,138957.7877, 
68,283.15385-446.9,283.154,446.9,DTXSID4040713,DTXSID4040713,"Octyl,gallate,,Octyl,gallate",C15H22O5,NA,firefighter,126152.0056, 
97,284.11108-301.8,284.111,301.8,DTXSID7021364,DTXSID7021364-BTMR0171,"2-Methylaniline,hydrochloride,,ORTHO-TOLUIDINE,HYDROCHLORIDE",C13H17NO6,yes,firefighter,14743.30953, 
90,285.09927-158.8,285.099,158.8,DTXSID6024200,DTXSID6024200-BTMR1231,"m-Cresol,,m-Cresol",C13H16O7,yes,firefighter,34425.50554, 
99,285.09927-158.8,285.099,158.8,DTXSID7021869,DTXSID7021869-BTMR0166,"p-Cresol,,p-Cresol,,p-Cresol,,p-Cresol",C13H16O7,yes,firefighter,34425.50554, 
91,285.09952-188.6,285.1,188.6,DTXSID6024200,DTXSID6024200-BTMR1231,"m-Cresol,,m-Cresol",C13H16O7,yes,firefighter,23833.12226, 
101,285.09952-188.6,285.1,188.6,DTXSID7021869,DTXSID7021869-BTMR0166,"p-Cresol,,p-Cresol,,p-Cresol,,p-Cresol",C13H16O7,yes,firefighter,23833.12226, 
415,285.11085-448.8,285.111,448.8,DTXSID0022436,DTXSID0022436,"Diphenolic,acid",C17H18O4,1,nurse, ,14718.55668
86,285.12458-374.4,285.125,374.4,DTXSID60221855,DTXSID60221855,"N-HYDROXY-N,N'-DIACETYLBENZIDINE",C16H16N2O3,NA,firefighter,11400.64907, 
307,175.07619-371.2,175.07619,371.2,DTXSID0022193,DTXSID0022193,"Benzyl,methacrylate",C11H12O2,1,nurse, ,6871.67237
308,175.07619-371.2,175.07619,371.2,DTXSID50293884,DTXSID50293884,"4,7-Dihydro-2-phenyl-1,3-dioxepin",C11H12O2,1,nurse, ,6871.67237
309,175.07619-371.2,175.07619,371.2,DTXSID6057617,DTXSID6057617,6-Methoxy-?1-?tetralone,C11H12O2,1,nurse, ,6871.67237
416,286.94464-60.8,286.945,60.8,DTXSID5032498,DTXSID5032498,Triclosan,C12H7Cl3O2,2,nurse, ,14632.35621
417,287.11234-497,287.112,497,DTXSID4045424,DTXSID4045424,"Piromidic,acid",C14H16N4O3,2,nurse, ,364870.5943
24,287.15747-656.6,287.157,656.6,DTXSID1048835,DTXSID1048835,Thenalidine,C17H22N2S,yes,firefighter,56400.5354, 
313,177.12807-442.9,177.12807,442.9,DTXSID7047439,DTXSID7047439,"Benzyl,3-methylbutyl,ether",C12H18O,1,nurse, ,3155.085787
314,177.12807-442.9,177.12807,442.9,DTXSID7042273,DTXSID7042273,"2,4-Diisopropylphenol",C12H18O,1,nurse, ,3155.085787
315,177.12807-442.9,177.12807,442.9,DTXSID6023523,DTXSID6023523,Propofol,C12H18O,1,nurse, ,3155.085787
316,177.12807-442.9,177.12807,442.9,DTXSID4044581,DTXSID4044581,2-tert-Butyl-4-ethylphenol,C12H18O,1,nurse, ,3155.085787
317,177.12807-442.9,177.12807,442.9,DTXSID8047717,DTXSID8047717,4-Methyl-1-phenyl-2-pentanol,C12H18O,2,nurse, ,3155.085787
318,177.12807-442.9,177.12807,442.9,DTXSID6041551,DTXSID6041551,"Topanol,A",C12H18O,1,nurse, ,3155.085787
319,177.12807-442.9,177.12807,442.9,DTXSID8071190,DTXSID8071190,"Phenol,,3,4-bis(1-methylethyl)-",C12H18O,1,nurse, ,3155.085787
115,287.20046-597.6,287.2,597.6,DTXSID8024523,DTXSID8024523,"4-Androstene-3,17-dione,,4-Androstene-3,17-dione",C19H26O2,NA,firefighter,12113.14845, 
18,288.15032-622.3,288.15,622.3,DTXSID1021247,DTXSID1021247,"C.I.,Basic,Red,9,monohydrochloride,,C.I.,BASIC,RED,9,MONOHYDROCHLORIDE",C19H18ClN3,NA,firefighter,145190.0928, 
418,289.07462-368.9,289.075,368.9,DTXSID4045133,DTXSID4045133,(-)-Epicatechin,C15H14O6,2,nurse, ,11694.4863
257,291.12331-380.6,291.123,380.6,None,None-BTMR0166,"1-Pyrenol,,6-nitro-",C16H20O5,1,nurse, ,15951.57069
132,291.23194-987.9,291.232,987.9,DTXSID9022364,DTXSID9022364,"5alpha-Dihydrotestosterone,,5alpha-Dihydrotestosterone,,5alpha-Dihydrotestosterone",C19H30O2,NA,firefighter,19468.33248, 
11,292.12358-447.9,292.124,447.9,DTXSID0032601,DTXSID0032601,"Cyproconazole,,Cyproconazole",C15H18ClN3O,NA,firefighter,55470.22479, 
188,293.01213-354.7,293.012,354.7,DTXSID4042096,DTXSID4042096-BTMR0502,L-Glucitol,C13H10O6S,2,nurse, ,11399.00889
327,189.12798-706,189.12798,706,DTXSID2044769,DTXSID2044769,"Cyclamen,aldehyde",C13H18O,2,nurse, ,1607.996763
328,189.12798-706,189.12798,706,DTXSID6044808,DTXSID6044808,3-(4-tert-Butylphenyl)propanal,C13H18O,1,nurse, ,1607.996763
329,189.12798-706,189.12798,706,DTXSID7051632,DTXSID7051632,3-(3-Isopropylphenyl)butanal,C13H18O,1,nurse, ,1607.996763
330,189.12798-706,189.12798,706,DTXSID8052358,DTXSID8052358,"3-(2-Ethylphenyl)-2,2-dimethylpropanal",C13H18O,1,nurse, ,1607.996763
331,189.12798-706,189.12798,706,DTXSID5052129,DTXSID5052129,5-Methyl-5-phenylhexan-3-one,C13H18O,1,nurse, ,1607.996763
332,189.16448-565.7,189.16448,565.7,DTXSID7051890,DTXSID7051890,(E)-beta-Damascone,C14H22,2,nurse, ,1931.089581
421,293.21205-699,293.212,699,DTXSID3075044,DTXSID3075044,"2-[2-[4-(1,1,3,3-Tetramethylbutyl)phenoxy]ethoxy]ethanol",C18H30O3,1,nurse, ,788867.8422
422,295.26387-1010,295.264,1010,DTXSID4029276,DTXSID4029276,"2-Propenoic,acid,,2-methyl,-,pentadecyl,ester",C19H36O2,3,nurse, ,836010.9584
423,295.26387-1010,295.264,1010,DTXSID5025811,DTXSID5025811,"Methyl,(9Z)-octadec-9-enoate",C19H36O2,3,nurse, ,836010.9584
31,299.11024-428.1,299.11,428.1,DTXSID2021864,DTXSID2021864-BTMR0166,"2,4-Dimethylphenol,,2,4-Dimethylphenol,,2,4-Dimethylphenol,,2,4-Dimethylphenol",C14H18O7,NA,firefighter,51842.26502, 
59,299.11024-428.1,299.11,428.1,DTXSID4024062,DTXSID4024062-BTMR0166,"3,4-Dimethylphenol,,3,4-Dimethylphenol",C14H18O7,NA,firefighter,51842.26502, 
167,299.13212-640.3,299.132,640.3,DTXSID20165701,DTXSID20165701-BTMR0165,"3,3-BIS(TRIFLUOROMETHYL)-3-HYDROXYPROPIONIC,ACID",C15H24O4S,1,nurse, ,19625.18793
200,299.13212-640.3,299.132,640.3,DTXSID5023742,DTXSID5023742-BTMR0166,Warfarin,C15H24O4S,1,nurse, ,19625.18793
340,191.1439-772.6,191.1439,772.6,DTXSID0035160,DTXSID0035160,alpha-Ionone,C13H20O,2,nurse, ,2588.604201
341,191.1439-772.6,191.1439,772.6,DTXSID4021769,DTXSID4021769,beta-Ionone,C13H20O,2,nurse, ,2588.604201
342,191.1439-772.6,191.1439,772.6,DTXSID9025451,DTXSID9025451,"4-(2,6,6-Trimethyl-cyclohex-1-enyl)-but-3-en-2-one",C13H20O,2,nurse, ,2588.604201
343,191.1439-772.6,191.1439,772.6,DTXSID2037714,DTXSID2037714,4-Heptylphenol,C13H20O,1,nurse, ,2588.604201
424,299.16439-428.3,299.164,428.3,DTXSID0032572,DTXSID0032572,Prallethrin,C19H24O3,1,nurse, ,11429.7451
147,299.25793-1010.3,299.258,1010.3,NA,DTXSID5042322_1,NA,C18H34O3,yes,firefighter,11852.66188, 
153,299.25793-1010.3,299.258,1010.3,NA,DTXSID5042322_2,NA,C18H34O3,yes,firefighter,11852.66188, 
347,196.98402-347.4,196.98402,347.4,DTXSID10190946,DTXSID10190946,PERFLUOROBUTYRALDEHYDE,C4HF7O,2,nurse, ,5257.046312
12,301.11838-301.9,301.118,301.9,DTXSID0034518,DTXSID0034518,"Desmedipham,,Desmedipham",C16H16N2O4,yes,firefighter,416619.779, 
20,301.11838-301.9,301.118,301.9,DTXSID1024255,DTXSID1024255,Phenmedipham,C16H16N2O4,yes,firefighter,416619.779, 
425,301.21745-873.5,301.217,873.5,DTXSID7022047,DTXSID7022047,"Abietic,acid",C20H30O2,3,nurse, ,5451892.141
13,303.07236-159.3,303.072,159.3,DTXSID0043761,DTXSID0043761,"4,4'-Dinitrodiphenylurea",C13H10N4O5,yes,firefighter,19341.38382, 
80,303.15641-595.3,303.156,595.3,DTXSID5022437,DTXSID5022437,"Nordihydroguaiaretic,acid,,Nordihydroguaiaretic,acid",C18H22O4,NA,firefighter,22960.83106, 
79,303.15659-650.6,303.157,650.6,DTXSID5022437,DTXSID5022437,"Nordihydroguaiaretic,acid,,Nordihydroguaiaretic,acid",C18H22O4,NA,firefighter,32870.21887, 
426,303.23312-917.8,303.233,917.8,DTXSID0048973,DTXSID0048973,Mestanolone,C20H32O2,2,nurse, ,20641896.33
427,305.0963-304,305.096,304,DTXSID3020627,DTXSID3020627,Fluconazole,C13H12F2N6O,1,nurse, ,24196.22783
428,305.0963-304,305.096,304,DTXSID9029225,DTXSID9029225,"Trimethylenediaminetetraacetic,acid",C11H18N2O8,1,nurse, ,24196.22783
429,305.0963-304,305.096,304,DTXSID1062623,DTXSID1062623,"Butyl,diphenyl,phosphate",C16H19O4P,1,nurse, ,24196.22783
129,305.10688-505.5,305.107,505.5,DTXSID9020407,DTXSID9020407,"Diazinon,,Diazinon,,Diazinon",C12H21N2O3PS,yes,firefighter,15873.82366, 
359,211.09696-1094.6,211.09696,1094.6,DTXSID6020800,DTXSID6020800,"2-AMINO-3,4-DIMETHYLIMIDAZO(4,5-F)QUINOLINE,(MEIQ)",C12H12N4,1,nurse, ,1768.283386
360,211.0972-521.9,211.0972,521.9,DTXSID6020800,DTXSID6020800,"2-AMINO-3,4-DIMETHYLIMIDAZO(4,5-F)QUINOLINE,(MEIQ)",C12H12N4,1,nurse, ,5097.721988
187,307.02762-350,307.028,350,DTXSID4027319,DTXSID4027319-BTMR0171,"2,6-Toluenediamine",C14H12O6S,1,nurse, ,63317.49916
216,307.06732-172.7,307.067,172.7,DTXSID60654260,DTXSID60654260-BTMR0165,"1,1-BIS(TRIFLUOROMETHYL)METHOXY-2-ETHANOL",C15H16O5S,2,nurse, ,28011.1086
433,309.00699-324.4,309.007,324.4,DTXSID1044859,DTXSID1044859,"5,5'-Oxybis(2-benzofuran-1,3-dione)",C16H6O7,1,nurse, ,16862.8885
435,309.20456-851.7,309.205,851.7,DTXSID7044972,DTXSID7044972,"1,10-Decanediol,dimethacrylate",C18H30O4,3,nurse, ,1307819.547
436,309.28017-1050,309.28,1050,DTXSID6060135,DTXSID6060135,"9-Eicosenoic,acid",C20H38O2,3,nurse, ,3692953.002
366,219.17528-763.4,219.17528,763.4,DTXSID2020216,DTXSID2020216,"Butylated,hydroxytoluene",C15H24O,1,nurse, ,3537.444836
367,219.17528-763.4,219.17528,763.4,DTXSID5033836,DTXSID5033836,4-Nonylphenol,C15H24O,1,nurse, ,3537.444836
439,311.14017-352.7,311.14,352.7,DTXSID1066944,DTXSID1066944,"Ethanediamide,,N-(2-ethoxyphenyl)-N'-(2-ethylphenyl)-",C18H20N2O3,3,nurse, ,2052671.847
440,311.18566-576.1,311.186,576.1,DTXSID0023111,DTXSID0023111,GRANISETRON,C18H24N4O,3,nurse, ,261632.6271
108,311.21895-796.2,311.219,796.2,DTXSID7044972,DTXSID7044972,"1,10-Decanediol,dimethacrylate",C18H30O4,yes,firefighter,12445.38669, 
15,313.12581-403.7,313.126,403.7,DTXSID0044571,DTXSID0044571-BTMR1231,"3-Isopropylphenol,,3-Isopropylphenol",C15H20O7,NA,firefighter,21332.05201, 
44,315.13385-481.2,315.134,481.2,DTXSID3044960,DTXSID3044960,"Propane-1,3-diyl,bis(4-aminobenzoate)",C17H18N2O4,yes,firefighter,163057.5693, 
192,315.15727-652.5,315.157,652.5,DTXSID5021386,DTXSID5021386-BTMR0237,"2,4,6-Trichlorophenol",C19H24O4,1,nurse, ,12346.93765
374,231.077-363.2,231.077,363.2,DTXSID5021122,DTXSID5021122,Phenobarbital,C12H12N2O3,2,nurse, ,3278.788406
375,231.07777-178,231.07777,178,DTXSID5021122,DTXSID5021122,Phenobarbital,C12H12N2O3,2,nurse, ,7632.167
196,315.15727-652.5,315.157,652.5,DTXSID5021386,DTXSID5021386-BTMR0235,"2,4,6-Trichlorophenol",C19H24O4,1,nurse, ,12346.93765
443,323.02252-354.7,323.023,354.7,DTXSID9020299,DTXSID9020299,Chlorobenzilate,C16H14Cl2O3,1,nurse, ,12090.41446
442,323.02252-354.7,323.023,354.7,DTXSID1045530,DTXSID1045530,"Dorzolamide,hydrochloride",C10H17ClN2O4S3,2,nurse, ,12090.41446
182,326.12385-135.6,326.124,135.6,DTXSID30378880,DTXSID30378880-BTMR0224,"2,2-DIFLUOROETHYL,TRIFLATE",C15H21NO7,2,nurse, ,68968.65552
446,327.23307-911.3,327.233,911.3,DTXSID6021240,DTXSID6021240,"Retinol,acetate",C22H32O2,2,nurse, ,13622227.28
43,328.13865-124.9,328.139,124.9,DTXSID3041293,DTXSID3041293-BTMR0166,"2-((Dimethylamino)methyl)phenol,,2-((Dimethylamino)methyl)phenol",C15H21NO7,yes,firefighter,53858.01253, 
382,245.07958-385.1,245.07958,385.1,DTXSID7020392,DTXSID7020392,"Diallyl,phthalate",C14H14O4,1,nurse, ,4802.504313
383,245.07958-385.1,245.07958,385.1,DTXSID7051559,DTXSID7051559,"Diallyl,isophthalate",C14H14O4,1,nurse, ,4802.504313
447,329.1753-451.8,329.175,451.8,DTXSID5025021,DTXSID5025021,"Dicyclohexyl,phthalate",C20H26O4,1,nurse, ,494091.6096
233,331.17584-434.3,331.176,434.3,DTXSID8023680,DTXSID8023680-BTMR0501,TOBRAMYCIN,C16H28O7,2,nurse, ,44332.10697
448,331.2642-986.8,331.264,986.8,DTXSID6046503,DTXSID6046503,Ganaxolone,C22H36O2,2,nurse, ,920313.1183
241,333.00671-285.6,333.007,285.6,DTXSID9020293,DTXSID9020293-BTMR0224,2-Chloroacetophenone,C15H10O7S,2,nurse, ,27727.18109
449,333.20661-446.8,333.207,446.8,DTXSID6025068,DTXSID6025068,"Dihexyl,phthalate",C20H30O4,1,nurse, ,330698.6372
29,335.1372-350,335.137,350,DTXSID2020898,DTXSID2020898,"Mitomycin,C,,MITOMYCIN-C",C15H18N4O5,NA,firefighter,893179.8475, 
390,251.01273-184.9,251.01273,184.9,DTXSID1020433,DTXSID1020433,"3,3'-Dichlorobenzidine,dihydrochloride",C12H10Cl2N2,1,nurse, ,1087.281216
391,252.04442-183.2,252.04442,183.2,DTXSID8026064,DTXSID8026064,Sulfamethoxazole,C10H11N3O3S,3,nurse, ,947.9836586
392,252.1313-381.6,252.1313,381.6,DTXSID3032416,DTXSID3032416,Cybutryne,C11H19N5S,1,nurse, ,3538.150135
47,336.13975-350,336.14,350,DTXSID4020084,DTXSID4020084-BTMR0172,"1-AMYL-1-,NITROSOUREA",C12H21N3O8,NA,firefighter,138017.7176, 
453,337.20157-460.2,337.202,460.2,DTXSID1021166,DTXSID1021166,"Piperonyl,butoxide",C19H30O5,1,nurse, ,34946.96552
450,337.20157-460.2,337.202,460.2,DTXSID0040678,DTXSID0040678,Idebenone,C19H30O5,2,nurse, ,34946.96552
451,337.20157-460.2,337.202,460.2,DTXSID0048189,DTXSID0048189,"Lauryl,gallate",C19H30O5,2,nurse, ,34946.96552
452,337.20157-460.2,337.202,460.2,DTXSID3046320,DTXSID3046320,"(-)-(5S,8R)-Lisuride",C20H26N4O,2,nurse, ,34946.96552
454,337.31069-1169.1,337.311,1169.1,DTXSID6027975,DTXSID6027975,"Stearyl,methacrylate",C22H42O2,3,nurse, ,390992.4724
455,337.31069-1169.1,337.311,1169.1,DTXSID7027099,DTXSID7027099,"Butyl,cis-9-octadecenoate",C22H42O2,3,nurse, ,390992.4724
456,337.31069-1169.1,337.311,1169.1,DTXSID8026931,DTXSID8026931,"(13Z)-Docos-13-enoic,acid",C22H42O2,3,nurse, ,390992.4724
83,338.11823-83.8,338.118,83.8,DTXSID6020725,DTXSID6020725-BTMR0165,1-(2-HYDROXYETHYL)-NITROSO-3-ETHYLUREA,C11H19N3O9,NA,firefighter,55080.99891, 
457,339.18066-458.9,339.181,458.9,DTXSID7023431,DTXSID7023431,PENTAMIDINE,C19H24N4O2,3,nurse, ,64431.53383
156,340.14061-189,340.141,189,DTXSID0022436,DTXSID0022436-BTMR0197,"Diphenolic,acid",C16H23NO7,1,nurse, ,16314.3441
212,340.14061-189,340.141,189,DTXSID60379284,DTXSID60379284-BTMR0501,"2-(PERFLUOROPROPOXY)-1H,1H-PERFLUOROPROPANOL",C16H24ClN3O3,1,nurse, ,16314.3441
111,341.1569-640.7,341.157,640.7,DTXSID8021771,DTXSID8021771-BTMR0166,"4-(2-Methylbutan-2-yl)phenol,,4-(2-Methylbutan-2-yl)phenol,,4-(2-Methylbutan-2-yl)phenol",C17H24O7,yes,firefighter,15416.81994, 
458,341.21153-811.5,341.212,811.5,DTXSID001009330,DTXSID001009330,MEGESTROL,C22H30O3,1,nurse, ,362797.4512
460,343.22756-747.3,343.228,747.3,DTXSID6045371,DTXSID6045371,Medrysone,C22H32O3,2,nurse, ,1159738.485
189,349.00156-314.9,349.002,314.9,DTXSID5021255,DTXSID5021255-BTMR0197,Albuterol,C15H10O8S,2,nurse, ,18653.74022
33,351.12379-124.5,351.124,124.5,DTXSID2022381,DTXSID2022381-BTMR0197,"meso-Hexestrol,,meso-Hexestrol",C18H22O5S,NA,firefighter,20137.44052, 
461,352.08551-363.7,352.086,363.7,DTXSID2022541,DTXSID2022541,Acenocoumarol,C19H15NO6,2,nurse, ,507586.7561
164,356.11681-357.2,356.117,357.2,DTXSID1041920,DTXSID1041920-BTMR0501,2-(2-Ethylhexyloxy)ethanol,C19H19NO6,1,nurse, ,71254.11577
170,357.09824-389.6,357.098,389.6,DTXSID20382618,DTXSID20382618-BTMR0501,"2-IODO-1H,1H,2H,3H,3H-PERFLUORODECAN-1-OL",C19H18O7,2,nurse, ,10121.23352
250,357.09824-389.6,357.098,389.6,DTXSID9030048,DTXSID9030048-BTMR0233,"2,2',4,4',5-Pentabromodiphenyl,ether",C19H18O7,2,nurse, ,10121.23352
58,357.11845-350,357.118,350,DTXSID4022527,DTXSID4022527-BTMR0166,"Propylparaben,,Propylparaben,,Propylparaben",C16H20O9,NA,firefighter,155360.0976, 
463,361.20121-692.9,361.201,692.9,DTXSID7020714,DTXSID7020714,Hydrocortisone,C21H30O5,3,nurse, ,49951.79435
464,361.23605-917.8,361.236,917.8,DTXSID8040779,DTXSID8040779,"Diheptyl,phthalate",C22H34O4,3,nurse, ,1881791.46
465,362.96918-55.3,362.969,55.3,DTXSID1037303,DTXSID1037303,"PERFLUOROHEPTANOIC,ACID",C7HF13O2,2,nurse, ,10035.94152
466,365.09416-817.5,365.094,817.5,DTXSID7022629,DTXSID7022629,Atovaquone,C22H19ClO3,2,nurse, ,28346.53122
419,291.08437-265.7,291.08437,265.7,DTXSID3026350,DTXSID3026350,"Ethylenediaminetetraacetic,acid,tetrasodium,salt",C10H16N2O8,2,nurse, ,7091.223579
420,291.08437-265.7,291.08437,265.7,DTXSID9027073,DTXSID9027073,"Ethylenediaminetetraacetic,acid,,disodium,salt",C10H16N2O8,2,nurse, ,7091.223579
467,365.19603-354.2,365.196,354.2,DTXSID9047174,DTXSID9047174,"Bis(2-butoxyethyl),phthalate",C20H30O6,1,nurse, ,75411.52473
186,367.1585-445.8,367.159,445.8,DTXSID30869884,DTXSID30869884-BTMR0224,"2H,3H-DECAFLUOROPENTANE",C19H28O5S,2,nurse, ,5189974.334
133,369.13415-83.3,369.134,83.3,DTXSID9022366,DTXSID9022366-BTMR0512,"Estriol,,Estriol,,OESTRIOL",C18H24O6S,NA,firefighter,39751.34345, 
472,373.20085-780.2,373.201,780.2,DTXSID7023300,DTXSID7023300,Methylprednisolone,C22H30O5,2,nurse, ,21850.55606
25,374.14696-338.2,374.147,338.2,DTXSID1049015,DTXSID1049015,"Prochlorperazine,dimaleate",C28H32ClN3O8S,yes,firefighter,23944.41243, 
87,375.15464-367,375.155,367,DTXSID6022422,DTXSID6022422-BTMR0171,"4,4'-Diaminobiphenyl,methane,,4,4'-Diaminobiphenyl,methane,,4,4'-Diaminobiphenyl,methane,,4,4'-Diaminobiphenyl,methane",C19H22N2O6,NA,firefighter,20222.38238, 
168,378.10084-429.9,378.101,429.9,DTXSID20188995,DTXSID20188995-BTMR0224,1H-PERFLUOROHEXANE,C18H21NO6S,2,nurse, ,125277.2138
474,379.19374-336.3,379.194,336.3,DTXSID7023061,DTXSID7023061,Fludrocortisone,C21H29FO5,2,nurse, ,21820.55891
45,380.19693-229.4,380.197,229.4,DTXSID3045198,DTXSID3045198,Spiroxatrine,C22H25N3O3,yes,firefighter,18644.5482, 
430,305.11768-666.7,305.11768,666.7,DTXSID2037712,DTXSID2037712,"4,4',4''-Ethane-1,1,1-triyltriphenol",C20H18O3,1,nurse, ,1759.870615
431,305.21097-544.5,305.21097,544.5,DTXSID8023399,DTXSID8023399,OXANDROLONE,C19H30O3,1,nurse, ,4724.116569
432,308.25731-955.1,308.25731,955.1,DTXSID1022926,DTXSID1022926,DICYCLOMINE,C19H35NO2,3,nurse, ,2332.099008
52,385.23432-665,385.234,665,DTXSID4020614,DTXSID4020614,"Ethynodiol,diacetate,,ETHYNODIAL,DIACETATE",C24H32O4,NA,firefighter,15479.38063, 
434,309.10165-49.8,309.10165,49.8,DTXSID3046798,DTXSID3046798,"Mabuterol,hydrochloride",C13H19Cl2F3N2O,2,nurse, ,2232.637421
143,385.23432-665,385.234,665,DTXSID9040683,DTXSID9040683,"Megestrol,acetate,,MEGESTROL,ACETATE",C24H32O4,NA,firefighter,15479.38063, 
251,387.18346-412.7,387.183,412.7,DTXSID9040716,DTXSID9040716-BTMR0502,4-(2-Methylbutan-2-yl)cyclohexanol,C19H32O6S,1,nurse, ,35310.62523
437,311.13209-639.7,311.13209,639.7,DTXSID9023388,DTXSID9023388,Olanzapine,C17H20N4S,3,nurse, ,206.0243959
438,311.13473-108.5,311.13473,108.5,DTXSID9023388,DTXSID9023388,Olanzapine,C17H20N4S,3,nurse, ,4375.728932
8,387.25216-490.6,387.252,490.6,DTXSID0025527,DTXSID0025527,"Medroxyprogesterone,acetate,,MEDROXYPROGESTERONE,ACETATE",C24H34O4,NA,firefighter,28297.44926, 
152,389.17089-523.4,389.171,523.4,NA,DTXSID5024059-BTMR0171__DTXSID6020511-BTMR0171,NA,C20H24N2O6,yes,firefighter,11666.73523, 
441,317.13885-390.8,317.13885,390.8,DTXSID0021460,DTXSID0021460,Zearalenone,C18H22O5,1,nurse, ,4150.835014
476,391.28468-529.9,391.285,529.9,DTXSID6023731,DTXSID6023731,URSODIOL,C24H40O4,3,nurse, ,246837.6849
477,391.28474-747.7,391.285,747.7,DTXSID6023731,DTXSID6023731,URSODIOL,C24H40O4,2,nurse, ,698339.5662
444,323.14712-446.6,323.14712,446.6,DTXSID1023732,DTXSID1023732,VALACYCLOVIR,C13H20N6O4,3,nurse, ,8985.572316
445,326.97205-63.3,326.97205,63.3,DTXSID30891564,DTXSID30891564,"4:2,FLUOROTELOMER,SULFONIC,ACID",C6H5F9O3S,2,nurse, ,3081.561511
478,391.28474-747.7,391.285,747.7,DTXSID2020260,DTXSID2020260,"Chenodeoxycholic,acid",C24H40O4,2,nurse, ,698339.5662
165,395.20611-558.8,395.206,558.8,DTXSID10880178,DTXSID10880178-BTMR0229,"HEXAFLUOROISOPROPYL,ACRYLATE",C21H32O7,1,nurse, ,34111.6373
199,395.20611-558.8,395.206,558.8,DTXSID5023407,DTXSID5023407-BTMR0165,OXYCODONE,C21H32O7,2,nurse, ,34111.6373
479,395.20611-558.8,395.206,558.8,DTXSID6048919,DTXSID6048919,Etonitazene,C22H28N4O3,2,nurse, ,34111.6373
222,397.16818-368.7,397.168,368.7,DTXSID70379730,DTXSID70379730-BTMR0224,"5H-OCTAFLUOROPENTANOYL,FLUORIDE",C18H28N3O5S,2,nurse, ,27125.65772
221,397.16929-367.6,397.169,367.6,DTXSID70379730,DTXSID70379730-BTMR0224,"5H-OCTAFLUOROPENTANOYL,FLUORIDE",C18H28N3O5S,2,nurse, ,26884.71197
480,397.20493-517.2,397.205,517.2,DTXSID3048655,DTXSID3048655,"Flutropium,bromide",C24H29BrFNO3,2,nurse, ,633409.5233
481,398.00546-218.4,398.005,218.4,DTXSID50184723,DTXSID50184723,"1H,1H-PERFLUOROOCTYLAMINE",C8H4F15N,2,nurse, ,34361.6675
482,407.16313-341.6,407.163,341.6,DTXSID3023631,DTXSID3023631,TAMSULOSIN,C20H28N2O5S,2,nurse, ,12149.99125
484,409.09512-303.5,409.095,303.5,DTXSID6034928,DTXSID6034928,Spirodiclofen,C21H24Cl2O4,1,nurse, ,15041.2231
487,412.96533-569.5,412.965,569.5,DTXSID8031865,DTXSID8031865,"Perfluorooctanoic,acid",C8HF15O2,2,nurse, ,30269.02686
489,413.15641-471.7,413.156,471.7,DTXSID50881104,DTXSID50881104,DILTIAZEM,C22H26N2O4S,3,nurse, ,26950.09274
490,415.19608-347.3,415.196,347.3,DTXSID6034186,DTXSID6034186,Spironolactone,C24H32O4S,2,nurse, ,15364.64571
459,342.98362-421.7,342.98362,421.7,DTXSID50880213,DTXSID50880213,"METHYL,PERFLUORO(2-PROPOXYPROPANOATE)",C7H3F11O3,2,nurse, ,1206.03572
491,415.32114-898.5,415.321,898.5,DTXSID5022722,DTXSID5022722,Calcitriol,C27H44O3,3,nurse, ,440800.7319
492,421.22248-452.5,421.222,452.5,DTXSID8022959,DTXSID8022959,"Docusate,sodium",C20H38O7S,2,nurse, ,477608.1743
462,357.13682-547.7,357.13682,547.7,DTXSID7029611,DTXSID7029611,"Triethylene,glycol,dibenzoate",C20H22O6,1,nurse, ,2834.038565
493,421.22248-452.5,421.222,452.5,DTXSID1044279,DTXSID1044279,"DOCUSATE,HYDROGEN",C20H38O7S,2,nurse, ,477608.1743
494,423.23753-548.8,423.238,548.8,DTXSID6023498,DTXSID6023498,PRAVASTATIN,C23H36O7,2,nurse, ,47514.78858
54,425.13706-568.1,425.137,568.1,DTXSID4021135,DTXSID4021135-BTMR0166,"C.I.,Solvent,Yellow,14,,C.I.,Solvent,Yellow,14,,C.I.,Solvent,Yellow,14",C22H20N2O7,NA,firefighter,200925.0569, 
495,425.3273-935.3,425.327,935.3,DTXSID30872313,DTXSID30872313,"3-Methylbenzethonium,chloride",C28H44ClNO2,1,nurse, ,29529.41853
155,429.15324-173.8,429.153,173.8,DTXSID0022012,DTXSID0022012-BTMR0166,3-Methoxyphenol,C18H26N2O10,1,nurse, ,39207.12871
468,367.21608-842,367.21608,842,DTXSID3022821,DTXSID3022821,Cinnarizine,C26H28N2,2,nurse, ,9296.867459
469,367.21608-842,367.21608,842,DTXSID2023519,DTXSID2023519,"Propantheline,bromide",C23H30BrNO3,2,nurse, ,9296.867459
470,367.21608-842,367.21608,842,DTXSID7046677,DTXSID7046677,"Pipethanate,ethylbromide",C23H30BrNO3,2,nurse, ,9296.867459
471,368.07209-457.7,368.07209,457.7,DTXSID4023200,DTXSID4023200,Lansoprazole,C16H14F3N3O2S,2,nurse, ,302.7279869
237,433.0188-69.6,433.019,69.6,DTXSID8052693,DTXSID8052693-BTMR0234,"2,2',3,4,4',5',6-Heptabromodiphenyl,ether",C12H10F8O8,2,nurse, ,11285.37493
473,377.1499-227.4,377.1499,227.4,DTXSID4046282,DTXSID4046282,AMBRISENTAN,C22H22N2O4,2,nurse, ,420.8438111
498,445.33212-917.9,445.332,917.9,DTXSID5052173,DTXSID5052173,"Bis(2-propylheptyl),phthalate",C28H46O4,2,nurse, ,1757209.676
475,380.94489-363.4,380.94489,363.4,DTXSID60380390,DTXSID60380390,"2,2,2-TRIFLUOROETHYL,PERFLUOROBUTANESULFONATE",C6H2F12O3S,2,nurse, ,797.7271797
82,447.34606-920.9,447.346,920.9,DTXSID5052173,DTXSID5052173,"Bis(2-propylheptyl),phthalate",C28H46O4,yes,firefighter,26160.99377, 
242,465.24797-498.4,465.248,498.4,DTXSID9020372,DTXSID9020372-BTMR0224,"o,p'-DDD",C25H38O8,2,nurse, ,26628.49072
171,470.22376-344.3,470.224,344.3,DTXSID20880124,DTXSID20880124-BTMR0244,"N,N-DIETHYL-2H-PERFLUOROPROPANAMINE",C22H35N2O9,1,nurse, ,60173.3078
56,473.19344-331.2,473.193,331.2,DTXSID4021268,DTXSID4021268-BTMR0239,"Simazine,,Simazine,,Simazine,,Simazine,,SIMAZINE",C17H28N8O6S,NA,firefighter,19850.04955, 
178,473.34934-1003.7,473.349,1003.7,DTXSID3025833,DTXSID3025833-BTMR0233,Pentabromotoluene,C26H50O7,1,nurse, ,107428.4634
190,477.17563-596,477.176,596,DTXSID5021255,DTXSID5021255-BTMR0502,Albuterol,C24H30O10,2,nurse, ,30731.25501
191,477.17563-596,477.176,596,DTXSID5021255,DTXSID5021255-BTMR0501,Albuterol,C24H30O10,2,nurse, ,30731.25501
483,407.1675-477.7,407.1675,477.7,DTXSID3023631,DTXSID3023631,TAMSULOSIN,C20H28N2O5S,2,nurse, ,7604.888267
230,481.24281-369.7,481.243,369.7,DTXSID8022747,DTXSID8022747-BTMR0165,CARVEDILOL,C25H38O9,2,nurse, ,21902.41862
485,409.16995-599.5,409.16995,599.5,DTXSID3044598,DTXSID3044598,Panthenol,C24H25FNNaO4,1,nurse, ,9542.550854
486,409.17214-473.7,409.17214,473.7,DTXSID3044598,DTXSID3044598,Panthenol,C24H25FNNaO4,1,nurse, ,7033.225735
139,492.2341-338.1,492.234,338.1,DTXSID9025297,DTXSID9025297-BTMR0229,"2-Ethylhexyl,acrylate,,2-Ethylhexyl,acrylate",C21H37N3O8S,yes,firefighter,23103.5755, 
488,413.15633-209.4,413.15633,209.4,DTXSID50881104,DTXSID50881104,DILTIAZEM,C22H26N2O4S,2,nurse, ,1108.382649
503,493.24313-609.5,493.243,609.5,DTXSID7049005,DTXSID7049005,"Flumethasone,pivalate",C27H36F2O6,2,nurse, ,12814.79648
504,499.28998-561.7,499.29,561.7,DTXSID0046438,DTXSID0046438,Mupirocin,C26H44O9,3,nurse, ,26455.91399
509,529.42282-883.2,529.423,883.2,DTXSID2025214,DTXSID2025214,"Ditridecyl,phthalate",C34H58O4,2,nurse, ,323130.0796
510,545.203-653.7,545.203,653.7,DTXSID1047310,DTXSID1047310,Farglitazar,C34H30N2O5,2,nurse, ,53716.95703
204,567.31595-532.3,567.316,532.3,DTXSID6022422,DTXSID6022422-BTMR0171,"4,4'-Diaminobiphenyl,methane",C30H48O10,1,nurse, ,10422.32696
205,567.31595-532.3,567.316,532.3,DTXSID6022422,DTXSID6022422-BTMR1242,"4,4'-Diaminobiphenyl,methane",C30H48O10,1,nurse, ,10422.32696
34,583.25417-526.4,583.254,526.4,DTXSID3020120,DTXSID3020120,Azelnidipine,C33H34N4O6,yes,firefighter,373296.6297, 
496,429.22524-864.1,429.22524,864.1,DTXSID8020202,DTXSID8020202,Budesonide,C25H34O6,3,nurse, ,2268.478359
497,429.2295-413.5,429.2295,413.5,DTXSID8020202,DTXSID8020202,Budesonide,C25H34O6,3,nurse, ,4810.260372
213,608.35528-882.8,608.355,882.8,DTXSID60381968,DTXSID60381968-BTMR0167,"2(2H-PERFLUORO-2-PROPYL)ACETIC,ACID",C32H53N2O7S,1,nurse, ,12745.96534
499,453.0485-336.3,453.0485,336.3,DTXSID90583413,DTXSID90583413,4-((PERFLUOROHEXYL)ETHYL)PHENYLMETHANOL,C15H11F13O,2,nurse, ,4329.393498
500,459.18017-371.2,459.18017,371.2,DTXSID2044971,DTXSID2044971,"2,2',2''-[Methanetriyltris(benzene-4,1-diyloxymethanediyl)]trioxirane",C28H28O6,2,nurse, ,9838.279432
501,478.19801-392.4,478.19801,392.4,DTXSID6023363,DTXSID6023363,Nicardipine,C26H29N3O6,3,nurse, ,3574.320842
502,485.00294-78.4,485.00294,78.4,DTXSID00194615,DTXSID00194615,"1H,1H,9H-PERFLUORONONYL,ACRYLATE",C12H6F16O2,2,nurse, ,5103.61993
511,612.76645-242.1,612.766,242.1,DTXSID0044521,DTXSID0044521,"Diatrizoic,acid",C11H9I3N2O4,2,nurse, ,15653.05335
512,680.55426-1127,680.554,1127,DTXSID1024627,DTXSID1024627,"1,2-Bis(2,4,6-tribromophenoxy)ethane",C14H8Br6O2,2,nurse, ,171945.1313
505,508.2659-751.4,508.2659,751.4,DTXSID3048605,DTXSID3048605,"Landiolol,hydrochloride",C25H40ClN3O8,2,nurse, ,3017.689127
506,508.26714-750.7,508.26714,750.7,DTXSID3048605,DTXSID3048605,"Landiolol,hydrochloride",C25H40ClN3O8,2,nurse, ,3459.011798
507,512.95878-701.5,512.95878,701.5,DTXSID3031860,DTXSID3031860,"Perfluorodecanoic,acid",C10HF19O2,2,nurse, ,5900.525544
508,512.95878-701.5,512.95878,701.5,DTXSID40379808,DTXSID40379808,"PERFLUORO-3,7-DIMETHYLOCTANOIC,ACID",C10HF19O2,2,nurse, ,5900.525544
175,707.76155-203.8,707.762,203.8,DTXSID3022877,DTXSID3022877-BTMR0171,Cytarabine,C17H19Br4N3O6S,2,nurse, ,43405.13221
176,707.76155-203.8,707.762,203.8,DTXSID3022877,DTXSID3022877-BTMR0501,Cytarabine,C17H19Br4N3O6S,2,nurse, ,43405.13221
177,707.76155-203.8,707.762,203.8,DTXSID3022877,DTXSID3022877-BTMR0502,Cytarabine,C17H19Br4N3O6S,2,nurse, ,43405.13221
150,709.77594-194.4,709.776,194.4,NA,DTXSID3025833-BTMR0234__DTXSID50192686-BTMR0234,NA,C17H19Br4N3O6S,yes,firefighter,68100.8621, 
513,709.22279-676.5,709.22279,676.5,DTXSID7021441,DTXSID7021441,"FD&C,VIOLET,NO.,1",C39H40N3NaO6S2,2,nurse, ,847.828474
