cluster.index	parent.mass	number.of.spectra	RTMean	sum.precursor.intensity.	LibraryID	SpectrumID	Smiles	INCHI	ProteoSAFeClusterLink	MetFragScore	MetFragSMILES	MetFragID	FusionScore	FusionSMILES	FusionID	ConsensusScore	ConsensusSMILES	ConsensusID
21	117.056	27	82.05915	186188.00	N/A				https://gnps.ucsd.edu//ProteoSAFe/result.jsp?task=725ea24314d64c5d841158248f18a211&view=cluster_details&protein=21&show=true	1,0,0	COC(=O)C(C)(C)O,CCOC(=O)OCC,CCOC(=O)[C@H](C)O	DTXSID5062184,DTXSID3025041,DTXSID9042336				1,0.014,0.012	COC(=O)C(C)(C)O,CCOC(=O)[C@H](C)O,CCOC(=O)OCC	DTXSID5062184,DTXSID9042336,DTXSID3025041
22	118.041	24	132.15854	191539.00	N/A				https://gnps.ucsd.edu//ProteoSAFe/result.jsp?task=725ea24314d64c5d841158248f18a211&view=cluster_details&protein=22&show=true	1	N1N=NC2=C1C=CC=C2	DTXSID6020147				1	N1N=NC2=C1C=CC=C2	DTXSID6020147
355	176.071	11	143.63982	47984.50	N/A				https://gnps.ucsd.edu//ProteoSAFe/result.jsp?task=725ea24314d64c5d841158248f18a211&view=cluster_details&protein=355&show=true	1	CC(=O)CC(=O)NC1=CC=CC=C1	DTXSID0024397				1	CC(=O)CC(=O)NC1=CC=CC=C1	DTXSID0024397
382	179.057	10	163.74050	105022.00	N/A				https://gnps.ucsd.edu//ProteoSAFe/result.jsp?task=725ea24314d64c5d841158248f18a211&view=cluster_details&protein=382&show=true	1.00000000,0.81649749,0.24149507,0.04338146	CN1C2=C(NC=N2)C(=O)N(C)C1=O,CN1C=NC2=C1C(=O)NC(=O)N2C,OC[C@H]1O[C@](O)(CO)[C@@H](O)[C@@H]1O,OC[C@@H](O)[C@@H](O)[C@H](O)[C@@H](O)C=O	DTXSID5021336,DTXSID9026132,DTXSID5023081,DTXSID7022910				1,0.819,0.258,0.074	CN1C2=C(NC=N2)C(=O)N(C)C1=O,CN1C=NC2=C1C(=O)NC(=O)N2C,OC[C@H]1O[C@](O)(CO)[C@@H](O)[C@@H]1O,OC[C@@H](O)[C@@H](O)[C@H](O)[C@@H](O)C=O	DTXSID5021336,DTXSID9026132,DTXSID5023081,DTXSID7022910
536	186.056	22	245.19823	140449.00	N/A				https://gnps.ucsd.edu//ProteoSAFe/result.jsp?task=725ea24314d64c5d841158248f18a211&view=cluster_details&protein=536&show=true	1	CC1=CC=C2C=CC=CC2=C1[N+]([O-])=O	DTXSID2025761				1	CC1=CC=C2C=CC=CC2=C1[N+]([O-])=O	DTXSID2025761
540	187.097	25	265.27300	86653.80	N/A				https://gnps.ucsd.edu//ProteoSAFe/result.jsp?task=725ea24314d64c5d841158248f18a211&view=cluster_details&protein=540&show=true	1.000000,0.839955	OC(=O)CCCCCCCC(O)=O,CCOC(=O)CC1(C)OCC(C)O1	DTXSID8021640,DTXSID4047549				1,0.842	OC(=O)CCCCCCCC(O)=O,CCOC(=O)CC1(C)OCC(C)O1	DTXSID8021640,DTXSID4047549
554	189.128	39	512.55721	79321.60	N/A				https://gnps.ucsd.edu//ProteoSAFe/result.jsp?task=725ea24314d64c5d841158248f18a211&view=cluster_details&protein=554&show=true	0,0,0,0,0,0	CC(CC1=CC=C(C=C1)C(C)C)C=O,CCC(=O)CC(C)(C)C1=CC=CC=C1,CC=CC(=O)C1=C(C)C=CCC1(C)C,CC(C)(C)C1=CC=C(CCC=O)C=C1,CC(C)C1=CC(=CC=C1)C(C)CC=O,CCC1=CC=CC=C1CC(C)(C)C=O	DTXSID2044769,DTXSID5052129,DTXSID6041397,DTXSID6044808,DTXSID7051632,DTXSID8052358				1,0.186,0.171,0.171,0.153,0.15	CC=CC(=O)C1=C(C)C=CCC1(C)C,CCC(=O)CC(C)(C)C1=CC=CC=C1,CC(CC1=CC=C(C=C1)C(C)C)C=O,CC(C)(C)C1=CC=C(CCC=O)C=C1,CC(C)C1=CC(=CC=C1)C(C)CC=O,CCC1=CC=CC=C1CC(C)(C)C=O	DTXSID6041397,DTXSID5052129,DTXSID2044769,DTXSID6044808,DTXSID7051632,DTXSID8052358
578	189.164	36	598.07769	72320.90	N/A				https://gnps.ucsd.edu//ProteoSAFe/result.jsp?task=725ea24314d64c5d841158248f18a211&view=cluster_details&protein=578&show=true	0	C\\C=C\\C(=C)C1=C(C)CCCC1(C)C	DTXSID7051890				1	C\\C=C\\C(=C)C1=C(C)CCCC1(C)C	DTXSID7051890
603	191.069	12	362.78383	20370.30	N/A				https://gnps.ucsd.edu//ProteoSAFe/result.jsp?task=725ea24314d64c5d841158248f18a211&view=cluster_details&protein=603&show=true									
649	192.066	13	363.46662	27676.40	N/A				https://gnps.ucsd.edu//ProteoSAFe/result.jsp?task=725ea24314d64c5d841158248f18a211&view=cluster_details&protein=649&show=true	1.0000000,0.8761712,0.3801632	CC(=O)NC1=CC=C(CC(O)=O)C=C1,OC(=O)CCNC(=O)C1=CC=CC=C1,CN(COC(=O)C1=CC=CC=C1)C=O	DTXSID0020020,DTXSID0045626,DTXSID00319624						
816	201.113	9	365.00567	44537.70	N/A				https://gnps.ucsd.edu//ProteoSAFe/result.jsp?task=725ea24314d64c5d841158248f18a211&view=cluster_details&protein=816&show=true	1.0000000,0.6863238,0.6812730,0.6779563,0.5766820	OC(=O)CCCCCCCCC(O)=O,CCCCOC(=O)C(=O)OCCCC,CC(C)OC(=O)CCC(=O)OC(C)C,C=COCCOCCOCCOC=C,C(CCOCC1CO1)COCC1CO1	DTXSID7026867,DTXSID7041916,DTXSID9044740,DTXSID1044986,DTXSID7024667				1,0.892,0.891,0.883,0.853	OC(=O)CCCCCCCCC(O)=O,CCCCOC(=O)C(=O)OCCCC,CC(C)OC(=O)CCC(=O)OC(C)C,C=COCCOCCOCCOC=C,C(CCOCC1CO1)COCC1CO1	DTXSID7026867,DTXSID7041916,DTXSID9044740,DTXSID1044986,DTXSID7024667
826	201.113	3	364.66967	36571.80	N/A				https://gnps.ucsd.edu//ProteoSAFe/result.jsp?task=725ea24314d64c5d841158248f18a211&view=cluster_details&protein=826&show=true	1.0000000,0.7639339,0.7609095,0.7360167,0.7047538	OC(=O)CCCCCCCCC(O)=O,C=COCCOCCOCCOC=C,C(CCOCC1CO1)COCC1CO1,CCCCOC(=O)C(=O)OCCCC,CC(C)OC(=O)CCC(=O)OC(C)C	DTXSID7026867,DTXSID1044986,DTXSID7024667,DTXSID7041916,DTXSID9044740				1,0.916,0.914,0.909,0.899	OC(=O)CCCCCCCCC(O)=O,C(CCOCC1CO1)COCC1CO1,C=COCCOCCOCCOC=C,CCCCOC(=O)C(=O)OCCCC,CC(C)OC(=O)CCC(=O)OC(C)C	DTXSID7026867,DTXSID7024667,DTXSID1044986,DTXSID7041916,DTXSID9044740
844	202.051	12	365.67300	75553.20	N/A				https://gnps.ucsd.edu//ProteoSAFe/result.jsp?task=725ea24314d64c5d841158248f18a211&view=cluster_details&protein=844&show=true	1	OC(=O)C(=O)CC1=CNC2=C1C=CC=C2	DTXSID3042053				1	OC(=O)C(=O)CC1=CNC2=C1C=CC=C2	DTXSID3042053
872	202.109	20	210.98160	174802.00	N/A				https://gnps.ucsd.edu//ProteoSAFe/result.jsp?task=725ea24314d64c5d841158248f18a211&view=cluster_details&protein=872&show=true	1	CC(O[Si](C)(C)C)=N[Si](C)(C)C	DTXSID5051525				1	CC(O[Si](C)(C)C)=N[Si](C)(C)C	DTXSID5051525
975	209.030	16	60.60925	186752.00	N/A				https://gnps.ucsd.edu//ProteoSAFe/result.jsp?task=725ea24314d64c5d841158248f18a211&view=cluster_details&protein=975&show=true	1	O[C@@H]([C@@H](O)[C@H](O)C(O)=O)[C@@H](O)C(O)=O	DTXSID7048740				1	O[C@@H]([C@@H](O)[C@H](O)C(O)=O)[C@@H](O)C(O)=O	DTXSID7048740
976	209.030	8	112.25300	41023.70	N/A				https://gnps.ucsd.edu//ProteoSAFe/result.jsp?task=725ea24314d64c5d841158248f18a211&view=cluster_details&protein=976&show=true	1	O[C@@H]([C@@H](O)[C@H](O)C(O)=O)[C@@H](O)C(O)=O	DTXSID7048740				1	O[C@@H]([C@@H](O)[C@H](O)C(O)=O)[C@@H](O)C(O)=O	DTXSID7048740
983	211.059	10	112.95280	49088.20	N/A				https://gnps.ucsd.edu//ProteoSAFe/result.jsp?task=725ea24314d64c5d841158248f18a211&view=cluster_details&protein=983&show=true	0	CC1=CC2=C(SC3=CC=CC(C)=C23)C=C1	DTXSID6052740				1	CC1=CC2=C(SC3=CC=CC(C)=C23)C=C1	DTXSID6052740
985	211.059	9	191.93289	39343.90	N/A				https://gnps.ucsd.edu//ProteoSAFe/result.jsp?task=725ea24314d64c5d841158248f18a211&view=cluster_details&protein=985&show=true	0	CC1=CC2=C(SC3=CC=CC(C)=C23)C=C1	DTXSID6052740				1	CC1=CC2=C(SC3=CC=CC(C)=C23)C=C1	DTXSID6052740
994	211.097	14	57.91021	215271.00	N/A				https://gnps.ucsd.edu//ProteoSAFe/result.jsp?task=725ea24314d64c5d841158248f18a211&view=cluster_details&protein=994&show=true	1.0000000,0.3319608	CC1=CC2=C(C=CC=N2)C3=C1N(C(=N3)N)C,NC1=CC=C(C=C1)\N=N\C1=CC=C(N)C=C1	DTXSID6020800,DTXSID2020399				1,0.342	CC1=CC2=C(C=CC=N2)C3=C1N(C(=N3)N)C,NC1=CC=C(C=C1)\N=N\C1=CC=C(N)C=C1	DTXSID6020800,DTXSID2020399
995	211.097	8	113.74213	35245.80	N/A				https://gnps.ucsd.edu//ProteoSAFe/result.jsp?task=725ea24314d64c5d841158248f18a211&view=cluster_details&protein=995&show=true	1.0000000,0.8671817	CC1=CC2=C(C=CC=N2)C3=C1N(C(=N3)N)C,NC1=CC=C(C=C1)\N=N\C1=CC=C(N)C=C1	DTXSID6020800,DTXSID2020399				1,0.864	CC1=CC2=C(C=CC=N2)C3=C1N(C(=N3)N)C,NC1=CC=C(C=C1)\N=N\C1=CC=C(N)C=C1	DTXSID6020800,DTXSID2020399
997	211.097	10	192.67390	47731.90	N/A				https://gnps.ucsd.edu//ProteoSAFe/result.jsp?task=725ea24314d64c5d841158248f18a211&view=cluster_details&protein=997&show=true	1,0	CC1=CC2=C(C=CC=N2)C3=C1N(C(=N3)N)C,NC1=CC=C(C=C1)\N=N\C1=CC=C(N)C=C1	DTXSID6020800,DTXSID2020399				1,0.04	CC1=CC2=C(C=CC=N2)C3=C1N(C(=N3)N)C,NC1=CC=C(C=C1)\N=N\C1=CC=C(N)C=C1	DTXSID6020800,DTXSID2020399
1007	212.129	13	288.43746	36243.30	N/A				https://gnps.ucsd.edu//ProteoSAFe/result.jsp?task=725ea24314d64c5d841158248f18a211&view=cluster_details&protein=1007&show=true	1	ON=C1CCCCCCC(=O)OCCC1	DTXSID70311397				1	ON=C1CCCCCCC(=O)OCCC1	DTXSID70311397
1072	218.148	39	505.72864	91545.70	N/A				https://gnps.ucsd.edu//ProteoSAFe/result.jsp?task=725ea24314d64c5d841158248f18a211&view=cluster_details&protein=1072&show=true									
1074	218.148	5	507.35340	4986.72	N/A				https://gnps.ucsd.edu//ProteoSAFe/result.jsp?task=725ea24314d64c5d841158248f18a211&view=cluster_details&protein=1074&show=true									
1086	222.077	24	261.94192	110040.00	N/A				https://gnps.ucsd.edu//ProteoSAFe/result.jsp?task=725ea24314d64c5d841158248f18a211&view=cluster_details&protein=1086&show=true	1.0000000,0.9963918,0.4975070	CNC(=O)OC1=CC=CC2=C1OC(C)(C)O2,CC(C)(C)OC(=O)C1=CC=C(C=C1)[N+]([O-])=O,CC(=O)N[C@@H](CC1=CC=C(O)C=C1)C(O)=O	DTXSID9032327,DTXSID10300482,DTXSID7046045				1,0.999,0.815	CNC(=O)OC1=CC=CC2=C1OC(C)(C)O2,CC(C)(C)OC(=O)C1=CC=C(C=C1)[N+]([O-])=O,CC(=O)N[C@@H](CC1=CC=C(O)C=C1)C(O)=O	DTXSID9032327,DTXSID10300482,DTXSID7046045
1087	222.077	3	223.45633	6653.30	N/A				https://gnps.ucsd.edu//ProteoSAFe/result.jsp?task=725ea24314d64c5d841158248f18a211&view=cluster_details&protein=1087&show=true	1.0000000,0.6739476,0.4839658	CC(=O)N[C@@H](CC1=CC=C(O)C=C1)C(O)=O,CNC(=O)OC1=CC=CC2=C1OC(C)(C)O2,CC(C)(C)OC(=O)C1=CC=C(C=C1)[N+]([O-])=O	DTXSID7046045,DTXSID9032327,DTXSID10300482				1,0.88,0.81	CC(=O)N[C@@H](CC1=CC=C(O)C=C1)C(O)=O,CNC(=O)OC1=CC=CC2=C1OC(C)(C)O2,CC(C)(C)OC(=O)C1=CC=C(C=C1)[N+]([O-])=O	DTXSID7046045,DTXSID9032327,DTXSID10300482
1114	228.039	14	58.65100	65986.80	N/A				https://gnps.ucsd.edu//ProteoSAFe/result.jsp?task=725ea24314d64c5d841158248f18a211&view=cluster_details&protein=1114&show=true	1	NC(=N)NC(=O)C1=NC(Cl)=C(N)N=C1N	DTXSID9043853				1	NC(=N)NC(=O)C1=NC(Cl)=C(N)N=C1N	DTXSID9043853
1115	228.039	12	162.71075	20114.10	N/A				https://gnps.ucsd.edu//ProteoSAFe/result.jsp?task=725ea24314d64c5d841158248f18a211&view=cluster_details&protein=1115&show=true	1	NC(=N)NC(=O)C1=NC(Cl)=C(N)N=C1N	DTXSID9043853				1	NC(=N)NC(=O)C1=NC(Cl)=C(N)N=C1N	DTXSID9043853
1117	228.039	4	173.68625	10928.70	N/A				https://gnps.ucsd.edu//ProteoSAFe/result.jsp?task=725ea24314d64c5d841158248f18a211&view=cluster_details&protein=1117&show=true	1	NC(=N)NC(=O)C1=NC(Cl)=C(N)N=C1N	DTXSID9043853				1	NC(=N)NC(=O)C1=NC(Cl)=C(N)N=C1N	DTXSID9043853
1127	228.986	20	123.63995	59954.40	N/A				https://gnps.ucsd.edu//ProteoSAFe/result.jsp?task=725ea24314d64c5d841158248f18a211&view=cluster_details&protein=1127&show=true	1	CC1=NC2=CC=C(Cl)C=C2S(=O)(=O)N1	DTXSID7022914				1	CC1=NC2=CC=C(Cl)C=C2S(=O)(=O)N1	DTXSID7022914
1153	230.996	13	195.56692	21949.70	N/A				https://gnps.ucsd.edu//ProteoSAFe/result.jsp?task=725ea24314d64c5d841158248f18a211&view=cluster_details&protein=1153&show=true									
1168	231.077	11	154.45909	24200.20	N/A				https://gnps.ucsd.edu//ProteoSAFe/result.jsp?task=725ea24314d64c5d841158248f18a211&view=cluster_details&protein=1168&show=true	1.0000000,0.4712706,0.1641488	CCN1C=C(C(O)=O)C(=O)C2=C1N=C(C)C=C2,CCC1(C(=O)NC(=O)NC1=O)C1=CC=CC=C1,CN(C)C(=O)NC1=CC=CC(=C1)C(F)(F)F	DTXSID3020912,DTXSID5021122,DTXSID8020628				1,0.492,0.212	CCN1C=C(C(O)=O)C(=O)C2=C1N=C(C)C=C2,CCC1(C(=O)NC(=O)NC1=O)C1=CC=CC=C1,CN(C)C(=O)NC1=CC=CC(=C1)C(F)(F)F	DTXSID3020912,DTXSID5021122,DTXSID8020628
1190	231.161	12	204.66100	19017.40	N/A				https://gnps.ucsd.edu//ProteoSAFe/result.jsp?task=725ea24314d64c5d841158248f18a211&view=cluster_details&protein=1190&show=true									
1343	239.997	13	247.90992	75782.40	N/A				https://gnps.ucsd.edu//ProteoSAFe/result.jsp?task=725ea24314d64c5d841158248f18a211&view=cluster_details&protein=1343&show=true	1	COC(=O)C1=C(C=CC=C1)S(=O)(=O)N=C=O	DTXSID3073630				1	COC(=O)C1=C(C=CC=C1)S(=O)(=O)N=C=O	DTXSID3073630
1344	239.997	10	313.39950	191705.00	N/A				https://gnps.ucsd.edu//ProteoSAFe/result.jsp?task=725ea24314d64c5d841158248f18a211&view=cluster_details&protein=1344&show=true	1	COC(=O)C1=C(C=CC=C1)S(=O)(=O)N=C=O	DTXSID3073630				1	COC(=O)C1=C(C=CC=C1)S(=O)(=O)N=C=O	DTXSID3073630
1345	239.997	4	313.77025	20833.70	N/A				https://gnps.ucsd.edu//ProteoSAFe/result.jsp?task=725ea24314d64c5d841158248f18a211&view=cluster_details&protein=1345&show=true	1	COC(=O)C1=C(C=CC=C1)S(=O)(=O)N=C=O	DTXSID3073630				1	COC(=O)C1=C(C=CC=C1)S(=O)(=O)N=C=O	DTXSID3073630
1362	240.096	14	314.28886	224729.00	N/A				https://gnps.ucsd.edu//ProteoSAFe/result.jsp?task=725ea24314d64c5d841158248f18a211&view=cluster_details&protein=1362&show=true	1	NC1=NC2=C(C=CC=C2)N1CC1=CC=C(F)C=C1	DTXSID5057838				1	NC1=NC2=C(C=CC=C2)N1CC1=CC=C(F)C=C1	DTXSID5057838
1365	240.096	7	258.21457	26373.70	N/A				https://gnps.ucsd.edu//ProteoSAFe/result.jsp?task=725ea24314d64c5d841158248f18a211&view=cluster_details&protein=1365&show=true	1	NC1=NC2=C(C=CC=C2)N1CC1=CC=C(F)C=C1	DTXSID5057838				1	NC1=NC2=C(C=CC=C2)N1CC1=CC=C(F)C=C1	DTXSID5057838
1418	243.062	12	87.99525	49628.30	N/A				https://gnps.ucsd.edu//ProteoSAFe/result.jsp?task=725ea24314d64c5d841158248f18a211&view=cluster_details&protein=1418&show=true	1	OC1=CC=CC(NC(=S)NC2=CC=CC=C2)=C1	DTXSID80168935				1	OC1=CC=CC(NC(=S)NC2=CC=CC=C2)=C1	DTXSID80168935
1520	244.028	19	145.90268	64331.00	N/A				https://gnps.ucsd.edu//ProteoSAFe/result.jsp?task=725ea24314d64c5d841158248f18a211&view=cluster_details&protein=1520&show=true	1.0000000,0.1726339	COC(=O)C1=C(OC)C=CC(=C1)S(N)(=O)=O,CC(C)(CO)\\N=C\\C1=C(Cl)C=C(Cl)C=C1	DTXSID4057718,DTXSID80296666						
1522	244.028	10	83.16850	43723.30	N/A				https://gnps.ucsd.edu//ProteoSAFe/result.jsp?task=725ea24314d64c5d841158248f18a211&view=cluster_details&protein=1522&show=true	1.0000000,0.8554992	COC(=O)C1=C(OC)C=CC(=C1)S(N)(=O)=O,CC(C)(CO)\\N=C\\C1=C(Cl)C=C(Cl)C=C1	DTXSID4057718,DTXSID80296666				1,0.855	COC(=O)C1=C(OC)C=CC(=C1)S(N)(=O)=O,CC(C)(CO)\\N=C\\C1=C(Cl)C=C(Cl)C=C1	DTXSID4057718,DTXSID80296666
1525	244.028	10	188.52500	19129.50	N/A				https://gnps.ucsd.edu//ProteoSAFe/result.jsp?task=725ea24314d64c5d841158248f18a211&view=cluster_details&protein=1525&show=true	1,0	COC(=O)C1=C(OC)C=CC(=C1)S(N)(=O)=O,CC(C)(CO)\\N=C\\C1=C(Cl)C=C(Cl)C=C1	DTXSID4057718,DTXSID80296666						
1533	244.066	5	11.52160	5042.30	N/A				https://gnps.ucsd.edu//ProteoSAFe/result.jsp?task=725ea24314d64c5d841158248f18a211&view=cluster_details&protein=1533&show=true									
1535	244.066	28	85.36200	114061.00	N/A				https://gnps.ucsd.edu//ProteoSAFe/result.jsp?task=725ea24314d64c5d841158248f18a211&view=cluster_details&protein=1535&show=true									
1537	244.066	10	194.90740	46635.70	N/A				https://gnps.ucsd.edu//ProteoSAFe/result.jsp?task=725ea24314d64c5d841158248f18a211&view=cluster_details&protein=1537&show=true									
1538	244.066	6	182.00850	12309.00	N/A				https://gnps.ucsd.edu//ProteoSAFe/result.jsp?task=725ea24314d64c5d841158248f18a211&view=cluster_details&protein=1538&show=true									
1540	245.191	42	520.91386	203394.00	N/A				https://gnps.ucsd.edu//ProteoSAFe/result.jsp?task=725ea24314d64c5d841158248f18a211&view=cluster_details&protein=1540&show=true	1	C[C@@H]1CC[C@H]2C(C)(C)[C@H]3C[C@@]12CC(C(C)=O)=C3C	DTXSID4029353				1	C[C@@H]1CC[C@H]2C(C)(C)[C@H]3C[C@@]12CC(C(C)=O)=C3C	DTXSID4029353
1601	249.149	4	656.63775	18450.10	N/A				https://gnps.ucsd.edu//ProteoSAFe/result.jsp?task=725ea24314d64c5d841158248f18a211&view=cluster_details&protein=1601&show=true	1.0000000,0.9840961,0.9840961,0.9334997,0.4037956	CCCCCCCCOC(=O)C1=CC=C(O)C=C1,CCCCC(CC)COC(=O)C1=CC=C(O)C=C1,CCCCC(CC)COC(=O)C1=C(O)C=CC=C1,CCCCCCCCOC1=CC=C(C=C1)C(O)=O,CCC(C)(C)C1=CC=C(OCCOC(C)=O)C=C1	DTXSID0047957,DTXSID4022525,DTXSID7040734,DTXSID1025807,DTXSID30277748				1,0.987,0.985,0.936,0.413	CCCCCCCCOC(=O)C1=CC=C(O)C=C1,CCCCC(CC)COC(=O)C1=C(O)C=CC=C1,CCCCC(CC)COC(=O)C1=CC=C(O)C=C1,CCCCCCCCOC1=CC=C(C=C1)C(O)=O,CCC(C)(C)C1=CC=C(OCCOC(C)=O)C=C1	DTXSID0047957,DTXSID7040734,DTXSID4022525,DTXSID1025807,DTXSID30277748
1634	251.013	6	115.89417	14631.00	N/A				https://gnps.ucsd.edu//ProteoSAFe/result.jsp?task=725ea24314d64c5d841158248f18a211&view=cluster_details&protein=1634&show=true	1	NC1=C(Cl)C=C(C=C1)C1=CC(Cl)=C(N)C=C1	DTXSID6020432				1	NC1=C(Cl)C=C(C=C1)C1=CC(Cl)=C(N)C=C1	DTXSID6020432
1669	251.103	9	116.66889	26420.50	N/A				https://gnps.ucsd.edu//ProteoSAFe/result.jsp?task=725ea24314d64c5d841158248f18a211&view=cluster_details&protein=1669&show=true	1	O=C1C(=O)C(N2CCOCC2)=C1N1CCOCC1	DTXSID70297980				1	O=C1C(=O)C(N2CCOCC2)=C1N1CCOCC1	DTXSID70297980
1685	253.131	13	60.12531	63344.70	N/A				https://gnps.ucsd.edu//ProteoSAFe/result.jsp?task=725ea24314d64c5d841158248f18a211&view=cluster_details&protein=1685&show=true	1	OCC(CO)(CO)COCC(CO)(CO)CO	DTXSID3027039				1	OCC(CO)(CO)COCC(CO)(CO)CO	DTXSID3027039
1686	253.131	10	117.42000	110388.00	N/A				https://gnps.ucsd.edu//ProteoSAFe/result.jsp?task=725ea24314d64c5d841158248f18a211&view=cluster_details&protein=1686&show=true	1	OCC(CO)(CO)COCC(CO)(CO)CO	DTXSID3027039				1	OCC(CO)(CO)COCC(CO)(CO)CO	DTXSID3027039
1703	254.981	6	132.24267	31306.10	N/A				https://gnps.ucsd.edu//ProteoSAFe/result.jsp?task=725ea24314d64c5d841158248f18a211&view=cluster_details&protein=1703&show=true	0,0	BrC1=CC2=C(C=CC=C2)C2=C1C=CC=C2,BrC1=C2C=CC=CC2=CC2=CC=CC=C12	DTXSID4049321,DTXSID6049224				1,1	BrC1=CC2=C(C=CC=C2)C2=C1C=CC=C2,BrC1=C2C=CC=CC2=CC2=CC=CC=C12	DTXSID4049321,DTXSID6049224
1954	262.976	16	117.01119	29564.00	N/A				https://gnps.ucsd.edu//ProteoSAFe/result.jsp?task=725ea24314d64c5d841158248f18a211&view=cluster_details&protein=1954&show=true	1	OC(=O)C(F)(F)C(F)(F)C(F)(F)C(F)(F)F	DTXSID6062599				1	OC(=O)C(F)(F)C(F)(F)C(F)(F)C(F)(F)F	DTXSID6062599
1978	263.012	7	113.03657	10872.30	N/A				https://gnps.ucsd.edu//ProteoSAFe/result.jsp?task=725ea24314d64c5d841158248f18a211&view=cluster_details&protein=1978&show=true	0,0	CCOC(F)(F)C(F)(F)C(F)(F)C(F)(F)F,OCCC(F)(F)C(F)(F)C(F)(F)C(F)(F)F	DTXSID0073118,DTXSID1062122				1,0.362	OCCC(F)(F)C(F)(F)C(F)(F)C(F)(F)F,CCOC(F)(F)C(F)(F)C(F)(F)C(F)(F)F	DTXSID1062122,DTXSID0073118
1999	263.103	14	237.30357	29676.70	N/A				https://gnps.ucsd.edu//ProteoSAFe/result.jsp?task=725ea24314d64c5d841158248f18a211&view=cluster_details&protein=1999&show=true									
2123	269.119	3	228.02833	3769.19	N/A				https://gnps.ucsd.edu//ProteoSAFe/result.jsp?task=725ea24314d64c5d841158248f18a211&view=cluster_details&protein=2123&show=true	1	CC(C)(C)C1=CC=C(OC(=O)C2=C(O)C=CC=C2)C=C1	DTXSID9037745				1	CC(C)(C)C1=CC=C(OC(=O)C2=C(O)C=CC=C2)C=C1	DTXSID9037745
2170	271.061	15	590.68920	50185.40	N/A				https://gnps.ucsd.edu//ProteoSAFe/result.jsp?task=725ea24314d64c5d841158248f18a211&view=cluster_details&protein=2170&show=true	1	OC1=CC=C(C=C1)C1CC(=O)C2=C(O1)C=C(O)C=C2O	DTXSID50274239				1	OC1=CC=C(C=C1)C1CC(=O)C2=C(O1)C=C(O)C=C2O	DTXSID50274239
2172	271.061	24	591.06354	33762.80	N/A				https://gnps.ucsd.edu//ProteoSAFe/result.jsp?task=725ea24314d64c5d841158248f18a211&view=cluster_details&protein=2172&show=true	1	OC1=CC=C(C=C1)C1CC(=O)C2=C(O1)C=C(O)C=C2O	DTXSID50274239				1	OC1=CC=C(C=C1)C1CC(=O)C2=C(O1)C=C(O)C=C2O	DTXSID50274239
2176	271.061	2	634.22850	7229.34	N/A				https://gnps.ucsd.edu//ProteoSAFe/result.jsp?task=725ea24314d64c5d841158248f18a211&view=cluster_details&protein=2176&show=true	1	OC1=CC=C(C=C1)C1CC(=O)C2=C(O1)C=C(O)C=C2O	DTXSID50274239				1	OC1=CC=C(C=C1)C1CC(=O)C2=C(O1)C=C(O)C=C2O	DTXSID50274239
2700	282.103	7	118.22457	15028.80	N/A				https://gnps.ucsd.edu//ProteoSAFe/result.jsp?task=725ea24314d64c5d841158248f18a211&view=cluster_details&protein=2700&show=true	1	CC1=C(C=CC=C1)N1C(CF)=NC2=C(C=C(N)C=C2)C1=O	DTXSID5022562				1	CC1=C(C=CC=C1)N1C(CF)=NC2=C(C=C(N)C=C2)C1=O	DTXSID5022562
2703	282.103	5	200.17520	12973.90	N/A				https://gnps.ucsd.edu//ProteoSAFe/result.jsp?task=725ea24314d64c5d841158248f18a211&view=cluster_details&protein=2703&show=true	1	CC1=C(C=CC=C1)N1C(CF)=NC2=C(C=C(N)C=C2)C1=O	DTXSID5022562				1	CC1=C(C=CC=C1)N1C(CF)=NC2=C(C=C(N)C=C2)C1=O	DTXSID5022562
2719	282.134	6	118.94750	15121.40	N/A				https://gnps.ucsd.edu//ProteoSAFe/result.jsp?task=725ea24314d64c5d841158248f18a211&view=cluster_details&protein=2719&show=true	1	CCOCCC1=C(N=C(N)N2N=CN=C12)C1=CC=CC=C1	DTXSID7020132				1	CCOCCC1=C(N=C(N)N2N=CN=C12)C1=CC=CC=C1	DTXSID7020132
2722	282.134	7	200.87257	19776.30	N/A				https://gnps.ucsd.edu//ProteoSAFe/result.jsp?task=725ea24314d64c5d841158248f18a211&view=cluster_details&protein=2722&show=true	1	CCOCCC1=C(N=C(N)N2N=CN=C12)C1=CC=CC=C1	DTXSID7020132				1	CCOCCC1=C(N=C(N)N2N=CN=C12)C1=CC=CC=C1	DTXSID7020132
2969	287.105	10	61.52360	48474.00	N/A				https://gnps.ucsd.edu//ProteoSAFe/result.jsp?task=725ea24314d64c5d841158248f18a211&view=cluster_details&protein=2969&show=true	1	CCCCC(CN1C=NC=N1)(C#N)C1=CC=C(Cl)C=C1	DTXSID8024315				1	CCCCC(CN1C=NC=N1)(C#N)C1=CC=C(Cl)C=C1	DTXSID8024315
3113	292.077	15	44.46773	97918.10	N/A				https://gnps.ucsd.edu//ProteoSAFe/result.jsp?task=725ea24314d64c5d841158248f18a211&view=cluster_details&protein=3113&show=true									
3168	297.046	61	1071.61013	312552.00	N/A				https://gnps.ucsd.edu//ProteoSAFe/result.jsp?task=725ea24314d64c5d841158248f18a211&view=cluster_details&protein=3168&show=true	1.0000000,0.9162063	CCOP(=S)(OCC)OC1=CN=C2C=CC=CC2=N1,CCOP(=S)(OCC)O\\N=C(/C#N)C1=CC=CC=C1	DTXSID7024291,DTXSID8034324				1,0.973	CCOP(=S)(OCC)OC1=CN=C2C=CC=CC2=N1,CCOP(=S)(OCC)O\\N=C(/C#N)C1=CC=CC=C1	DTXSID7024291,DTXSID8034324
3169	297.046	8	1040.79100	10914.20	N/A				https://gnps.ucsd.edu//ProteoSAFe/result.jsp?task=725ea24314d64c5d841158248f18a211&view=cluster_details&protein=3169&show=true	1.0000000,0.9127707	CCOP(=S)(OCC)O\\N=C(/C#N)C1=CC=CC=C1,CCOP(=S)(OCC)OC1=CN=C2C=CC=CC2=N1	DTXSID8034324,DTXSID7024291				1,0.972	CCOP(=S)(OCC)O\\N=C(/C#N)C1=CC=CC=C1,CCOP(=S)(OCC)OC1=CN=C2C=CC=CC2=N1	DTXSID8034324,DTXSID7024291
3469	305.096	24	311.05142	69389.00	N/A				https://gnps.ucsd.edu//ProteoSAFe/result.jsp?task=725ea24314d64c5d841158248f18a211&view=cluster_details&protein=3469&show=true	1.0000000,0.7840474,0.5104548	OC(CN1C=NC=N1)(CN1C=NC=N1)C1=C(F)C=C(F)C=C1,CCCCOP(=O)(OC1=CC=CC=C1)OC1=CC=CC=C1,OC(=O)CN(CCCN(CC(O)=O)CC(O)=O)CC(O)=O	DTXSID3020627,DTXSID1062623,DTXSID9029225						
3492	306.045	14	62.37364	67188.10	N/A				https://gnps.ucsd.edu//ProteoSAFe/result.jsp?task=725ea24314d64c5d841158248f18a211&view=cluster_details&protein=3492&show=true	1	COCC(C)N(C(=O)CS(O)(=O)=O)C1=CSC=C1C	DTXSID9052846						
3574	307.028	9	320.11856	34462.90	N/A				https://gnps.ucsd.edu//ProteoSAFe/result.jsp?task=725ea24314d64c5d841158248f18a211&view=cluster_details&protein=3574&show=true	1	COC1=C(C=C(C(=O)C2=CC=CC=C2)C(O)=C1)S(O)(=O)=O	DTXSID2042436				1	COC1=C(C=C(C(=O)C2=CC=CC=C2)C(O)=C1)S(O)(=O)=O	DTXSID2042436
3579	307.028	15	421.59087	186788.00	N/A				https://gnps.ucsd.edu//ProteoSAFe/result.jsp?task=725ea24314d64c5d841158248f18a211&view=cluster_details&protein=3579&show=true	1	COC1=C(C=C(C(=O)C2=CC=CC=C2)C(O)=C1)S(O)(=O)=O	DTXSID2042436				1	COC1=C(C=C(C(=O)C2=CC=CC=C2)C(O)=C1)S(O)(=O)=O	DTXSID2042436
3604	307.129	7	312.80100	25615.10	N/A				https://gnps.ucsd.edu//ProteoSAFe/result.jsp?task=725ea24314d64c5d841158248f18a211&view=cluster_details&protein=3604&show=true	1	CC(C)N1N=C(C2=CC3=C(N2)C=CC(O)=C3)C2=C1N=CN=C2N	DTXSID5048685				1	CC(C)N1N=C(C2=CC3=C(N2)C=CC(O)=C3)C2=C1N=CN=C2N	DTXSID5048685
3636	308.031	11	321.61709	84767.60	N/A				https://gnps.ucsd.edu//ProteoSAFe/result.jsp?task=725ea24314d64c5d841158248f18a211&view=cluster_details&protein=3636&show=true	1	FC(F)(F)C(=NOCC1OCCO1)C1=CC=C(Cl)C=C1	DTXSID5044998				1	FC(F)(F)C(=NOCC1OCCO1)C1=CC=C(Cl)C=C1	DTXSID5044998
3641	308.031	15	422.33520	170911.00	N/A				https://gnps.ucsd.edu//ProteoSAFe/result.jsp?task=725ea24314d64c5d841158248f18a211&view=cluster_details&protein=3641&show=true	1	FC(F)(F)C(=NOCC1OCCO1)C1=CC=C(Cl)C=C1	DTXSID5044998				1	FC(F)(F)C(=NOCC1OCCO1)C1=CC=C(Cl)C=C1	DTXSID5044998
3657	308.099	15	63.13673	261024.00	N/A				https://gnps.ucsd.edu//ProteoSAFe/result.jsp?task=725ea24314d64c5d841158248f18a211&view=cluster_details&protein=3657&show=true									
3700	309.007	18	303.27994	128893.00	N/A				https://gnps.ucsd.edu//ProteoSAFe/result.jsp?task=725ea24314d64c5d841158248f18a211&view=cluster_details&protein=3700&show=true	1	O=C1OC(=O)C2=C1C=CC(OC1=CC3=C(C=C1)C(=O)OC3=O)=C2	DTXSID1044859				1	O=C1OC(=O)C2=C1C=CC(OC1=CC3=C(C=C1)C(=O)OC3=O)=C2	DTXSID1044859
3705	309.007	10	422.95580	109500.00	N/A				https://gnps.ucsd.edu//ProteoSAFe/result.jsp?task=725ea24314d64c5d841158248f18a211&view=cluster_details&protein=3705&show=true	1	O=C1OC(=O)C2=C1C=CC(OC1=CC3=C(C=C1)C(=O)OC3=O)=C2	DTXSID1044859				1	O=C1OC(=O)C2=C1C=CC(OC1=CC3=C(C=C1)C(=O)OC3=O)=C2	DTXSID1044859
3706	309.007	5	423.32800	20701.70	N/A				https://gnps.ucsd.edu//ProteoSAFe/result.jsp?task=725ea24314d64c5d841158248f18a211&view=cluster_details&protein=3706&show=true	1	O=C1OC(=O)C2=C1C=CC(OC1=CC3=C(C=C1)C(=O)OC3=O)=C2	DTXSID1044859				1	O=C1OC(=O)C2=C1C=CC(OC1=CC3=C(C=C1)C(=O)OC3=O)=C2	DTXSID1044859
3759	309.133	13	303.17123	57970.50	N/A				https://gnps.ucsd.edu//ProteoSAFe/result.jsp?task=725ea24314d64c5d841158248f18a211&view=cluster_details&protein=3759&show=true	1	CCOC1=CC(OCC)=C(C=C1OCC)C(=O)CCC(O)=O	DTXSID6046634				1	CCOC1=CC(OCC)=C(C=C1OCC)C(=O)CCC(O)=O	DTXSID6046634
3790	310.004	14	63.86621	266080.00	N/A				https://gnps.ucsd.edu//ProteoSAFe/result.jsp?task=725ea24314d64c5d841158248f18a211&view=cluster_details&protein=3790&show=true	1	FC(F)(F)C1=CC=CC(=C1)N1CC(CCl)C(Cl)C1=O	DTXSID0041987						
3806	311.090	14	323.18750	110067.00	N/A				https://gnps.ucsd.edu//ProteoSAFe/result.jsp?task=725ea24314d64c5d841158248f18a211&view=cluster_details&protein=3806&show=true									
3807	311.090	8	373.77450	53090.10	N/A				https://gnps.ucsd.edu//ProteoSAFe/result.jsp?task=725ea24314d64c5d841158248f18a211&view=cluster_details&protein=3807&show=true									
3810	311.090	7	423.75743	39274.40	N/A				https://gnps.ucsd.edu//ProteoSAFe/result.jsp?task=725ea24314d64c5d841158248f18a211&view=cluster_details&protein=3810&show=true									
3835	311.140	11	323.85282	95992.40	N/A				https://gnps.ucsd.edu//ProteoSAFe/result.jsp?task=725ea24314d64c5d841158248f18a211&view=cluster_details&protein=3835&show=true	1.0000000,0.4198732	CCOC1=C(NC(=O)C(=O)NC2=C(CC)C=CC=C2)C=CC=C1,CCCCC(CC)COC(=O)COC1=C(C)C=C(Cl)C=C1	DTXSID1066944,DTXSID5034698				1,0.625	CCOC1=C(NC(=O)C(=O)NC2=C(CC)C=CC=C2)C=CC=C1,CCCCC(CC)COC(=O)COC1=C(C)C=C(Cl)C=C1	DTXSID1066944,DTXSID5034698
3838	311.140	8	374.52387	60050.00	N/A				https://gnps.ucsd.edu//ProteoSAFe/result.jsp?task=725ea24314d64c5d841158248f18a211&view=cluster_details&protein=3838&show=true	1.0000000,0.7574033	CCCCC(CC)COC(=O)COC1=C(C)C=C(Cl)C=C1,CCOC1=C(NC(=O)C(=O)NC2=C(CC)C=CC=C2)C=CC=C1	DTXSID5034698,DTXSID1066944						
3841	311.140	6	424.52083	32405.20	N/A				https://gnps.ucsd.edu//ProteoSAFe/result.jsp?task=725ea24314d64c5d841158248f18a211&view=cluster_details&protein=3841&show=true	1.0000000,0.5515136	CCCCC(CC)COC(=O)COC1=C(C)C=C(Cl)C=C1,CCOC1=C(NC(=O)C(=O)NC2=C(CC)C=CC=C2)C=CC=C1	DTXSID5034698,DTXSID1066944						
3863	313.038	3	514.63633	21088.50	N/A				https://gnps.ucsd.edu//ProteoSAFe/result.jsp?task=725ea24314d64c5d841158248f18a211&view=cluster_details&protein=3863&show=true	1	OC(=O)C1N=C(C2=CC=CC=C2)C2=C(NC1=O)C=CC(Cl)=C2	DTXSID20863674				1	OC(=O)C1N=C(C2=CC=CC=C2)C2=C(NC1=O)C=CC(Cl)=C2	DTXSID20863674
3874	313.038	6	514.62250	36256.20	N/A				https://gnps.ucsd.edu//ProteoSAFe/result.jsp?task=725ea24314d64c5d841158248f18a211&view=cluster_details&protein=3874&show=true	1	OC(=O)C1N=C(C2=CC=CC=C2)C2=C(NC1=O)C=CC(Cl)=C2	DTXSID20863674				1	OC(=O)C1N=C(C2=CC=CC=C2)C2=C(NC1=O)C=CC(Cl)=C2	DTXSID20863674
3907	314.078	37	1054.10849	113236.00	N/A				https://gnps.ucsd.edu//ProteoSAFe/result.jsp?task=725ea24314d64c5d841158248f18a211&view=cluster_details&protein=3907&show=true	1	CN(C)CC\C=C1/C2=CC=CC=C2SC2=C1C=C(Cl)C=C2	DTXSID4022810				1	CN(C)CC\C=C1/C2=CC=CC=C2SC2=C1C=C(Cl)C=C2	DTXSID4022810
3909	314.078	39	1063.80833	70229.30	N/A				https://gnps.ucsd.edu//ProteoSAFe/result.jsp?task=725ea24314d64c5d841158248f18a211&view=cluster_details&protein=3909&show=true	1	CN(C)CC\C=C1/C2=CC=CC=C2SC2=C1C=C(Cl)C=C2	DTXSID4022810				1	CN(C)CC\C=C1/C2=CC=CC=C2SC2=C1C=C(Cl)C=C2	DTXSID4022810
3918	314.078	2	1087.11500	1674.91	N/A				https://gnps.ucsd.edu//ProteoSAFe/result.jsp?task=725ea24314d64c5d841158248f18a211&view=cluster_details&protein=3918&show=true	1	CN(C)CC\C=C1/C2=CC=CC=C2SC2=C1C=C(Cl)C=C2	DTXSID4022810				1	CN(C)CC\C=C1/C2=CC=CC=C2SC2=C1C=C(Cl)C=C2	DTXSID4022810
3920	314.078	3	1087.45333	7929.97	N/A				https://gnps.ucsd.edu//ProteoSAFe/result.jsp?task=725ea24314d64c5d841158248f18a211&view=cluster_details&protein=3920&show=true	1	CN(C)CC\C=C1/C2=CC=CC=C2SC2=C1C=C(Cl)C=C2	DTXSID4022810				1	CN(C)CC\C=C1/C2=CC=CC=C2SC2=C1C=C(Cl)C=C2	DTXSID4022810
4133	323.023	9	375.26333	71082.20	N/A				https://gnps.ucsd.edu//ProteoSAFe/result.jsp?task=725ea24314d64c5d841158248f18a211&view=cluster_details&protein=4133&show=true	1	CCOC(=O)C(O)(C1=CC=C(Cl)C=C1)C1=CC=C(Cl)C=C1	DTXSID9020299				1	CCOC(=O)C(O)(C1=CC=C(Cl)C=C1)C1=CC=C(Cl)C=C1	DTXSID9020299
4162	323.147	10	375.99450	79634.00	N/A				https://gnps.ucsd.edu//ProteoSAFe/result.jsp?task=725ea24314d64c5d841158248f18a211&view=cluster_details&protein=4162&show=true	1	CC(C)[C@H](N)C(=O)OCCOCN1C=NC2=C1N=C(N)NC2=O	DTXSID1023732				1	CC(C)[C@H](N)C(=O)OCCOCN1C=NC2=C1N=C(N)NC2=O	DTXSID1023732
4197	326.972	10	26.88440	7681.92	N/A				https://gnps.ucsd.edu//ProteoSAFe/result.jsp?task=725ea24314d64c5d841158248f18a211&view=cluster_details&protein=4197&show=true	0	OS(=O)(=O)CCC(F)(F)C(F)(F)C(F)(F)C(F)(F)F	DTXSID30891564				1	OS(=O)(=O)CCC(F)(F)C(F)(F)C(F)(F)C(F)(F)F	DTXSID30891564
4235	327.059	4	950.80950	17522.50	N/A				https://gnps.ucsd.edu//ProteoSAFe/result.jsp?task=725ea24314d64c5d841158248f18a211&view=cluster_details&protein=4235&show=true	1	NS(=O)(=O)C1=CC2=C(CN(C3CCCCC3)C2=O)C=C1Cl	DTXSID4057683				1	NS(=O)(=O)C1=CC2=C(CN(C3CCCCC3)C2=O)C=C1Cl	DTXSID4057683
4554	330.999	4	40.24575	8684.78	N/A				https://gnps.ucsd.edu//ProteoSAFe/result.jsp?task=725ea24314d64c5d841158248f18a211&view=cluster_details&protein=4554&show=true	0,0	FC(F)C(F)(F)OCC(F)(F)C(F)(F)C(F)(F)C(F)F,OCC(F)(F)C(F)(F)C(F)(F)C(F)(F)C(F)(F)C(F)F	DTXSID20382158,DTXSID9059832				1,0.808	FC(F)C(F)(F)OCC(F)(F)C(F)(F)C(F)(F)C(F)F,OCC(F)(F)C(F)(F)C(F)(F)C(F)(F)C(F)(F)C(F)F	DTXSID20382158,DTXSID9059832
4578	333.093	11	40.64845	45898.20	N/A				https://gnps.ucsd.edu//ProteoSAFe/result.jsp?task=725ea24314d64c5d841158248f18a211&view=cluster_details&protein=4578&show=true	1	CC(COC1=CC=C(C=C1)C(C)(C)C)OS(=O)OCCCl	DTXSID3020097						
4579	333.093	3	40.98467	4401.46	N/A				https://gnps.ucsd.edu//ProteoSAFe/result.jsp?task=725ea24314d64c5d841158248f18a211&view=cluster_details&protein=4579&show=true	1	CC(COC1=CC=C(C=C1)C(C)(C)C)OS(=O)OCCCl	DTXSID3020097				1	CC(COC1=CC=C(C=C1)C(C)(C)C)OS(=O)OCCCl	DTXSID3020097
5078	349.038	13	326.92931	51307.10	N/A				https://gnps.ucsd.edu//ProteoSAFe/result.jsp?task=725ea24314d64c5d841158248f18a211&view=cluster_details&protein=5078&show=true	1	OC1=CC2=CC=C(SSC3=CC4=CC=C(O)C=C4C=C3)C=C2C=C1	DTXSID7025429				1	OC1=CC2=CC=C(SSC3=CC4=CC=C(O)C=C4C=C3)C=C2C=C1	DTXSID7025429
5088	349.038	3	378.85900	12293.90	N/A				https://gnps.ucsd.edu//ProteoSAFe/result.jsp?task=725ea24314d64c5d841158248f18a211&view=cluster_details&protein=5088&show=true	1	OC1=CC2=CC=C(SSC3=CC4=CC=C(O)C=C4C=C3)C=C2C=C1	DTXSID7025429				1	OC1=CC2=CC=C(SSC3=CC4=CC=C(O)C=C4C=C3)C=C2C=C1	DTXSID7025429
5116	349.201	12	327.61558	55391.90	N/A				https://gnps.ucsd.edu//ProteoSAFe/result.jsp?task=725ea24314d64c5d841158248f18a211&view=cluster_details&protein=5116&show=true	1	C[C@@]1(CO)[C@H](O)CC[C@@]2(C)[C@H](C\C=C3/[C@H](O)COC3=O)C(=C)CC[C@H]12	DTXSID3045980				1	C[C@@]1(CO)[C@H](O)CC[C@@]2(C)[C@H](C\C=C3/[C@H](O)COC3=O)C(=C)CC[C@H]12	DTXSID3045980
5118	349.201	6	379.66483	23677.80	N/A				https://gnps.ucsd.edu//ProteoSAFe/result.jsp?task=725ea24314d64c5d841158248f18a211&view=cluster_details&protein=5118&show=true	1	C[C@@]1(CO)[C@H](O)CC[C@@]2(C)[C@H](C\C=C3/[C@H](O)COC3=O)C(=C)CC[C@H]12	DTXSID3045980				1	C[C@@]1(CO)[C@H](O)CC[C@@]2(C)[C@H](C\C=C3/[C@H](O)COC3=O)C(=C)CC[C@H]12	DTXSID3045980
5257	356.145	39	809.30700	671855.00	N/A				https://gnps.ucsd.edu//ProteoSAFe/result.jsp?task=725ea24314d64c5d841158248f18a211&view=cluster_details&protein=5257&show=true	1	CN1C[C@@H]2C[C@H]1CN2C1=CC2=C(C=C1F)C(=O)C(=CN2C1CC1)C(O)=O	DTXSID0046432				1	CN1C[C@@H]2C[C@H]1CN2C1=CC2=C(C=C1F)C(=O)C(=CN2C1CC1)C(O)=O	DTXSID0046432
5258	356.145	8	857.13513	46261.90	N/A				https://gnps.ucsd.edu//ProteoSAFe/result.jsp?task=725ea24314d64c5d841158248f18a211&view=cluster_details&protein=5258&show=true	1	CN1C[C@@H]2C[C@H]1CN2C1=CC2=C(C=C1F)C(=O)C(=CN2C1CC1)C(O)=O	DTXSID0046432				1	CN1C[C@@H]2C[C@H]1CN2C1=CC2=C(C=C1F)C(=O)C(=CN2C1CC1)C(O)=O	DTXSID0046432
5286	356.145	2	805.83900	54689.00	N/A				https://gnps.ucsd.edu//ProteoSAFe/result.jsp?task=725ea24314d64c5d841158248f18a211&view=cluster_details&protein=5286&show=true	1	CN1C[C@@H]2C[C@H]1CN2C1=CC2=C(C=C1F)C(=O)C(=CN2C1CC1)C(O)=O	DTXSID0046432				1	CN1C[C@@H]2C[C@H]1CN2C1=CC2=C(C=C1F)C(=O)C(=CN2C1CC1)C(O)=O	DTXSID0046432
5406	358.258	10	778.77550	42568.50	N/A				https://gnps.ucsd.edu//ProteoSAFe/result.jsp?task=725ea24314d64c5d841158248f18a211&view=cluster_details&protein=5406&show=true									
5408	358.258	15	806.47653	155789.00	N/A				https://gnps.ucsd.edu//ProteoSAFe/result.jsp?task=725ea24314d64c5d841158248f18a211&view=cluster_details&protein=5408&show=true									
5412	358.258	8	857.92112	36609.90	N/A				https://gnps.ucsd.edu//ProteoSAFe/result.jsp?task=725ea24314d64c5d841158248f18a211&view=cluster_details&protein=5412&show=true									
5557	360.129	14	41.47700	40644.20	N/A				https://gnps.ucsd.edu//ProteoSAFe/result.jsp?task=725ea24314d64c5d841158248f18a211&view=cluster_details&protein=5557&show=true	1	CC1=CN(NC(=O)C2=C(C)N=C(N=C2)C2=CC=CC=N2)C2=CC=C(F)C=C12	DTXSID8047391				1	CC1=CN(NC(=O)C2=C(C)N=C(N=C2)C2=CC=CC=N2)C2=CC=C(F)C=C12	DTXSID8047391
5651	365.166	15	42.23407	58326.90	N/A				https://gnps.ucsd.edu//ProteoSAFe/result.jsp?task=725ea24314d64c5d841158248f18a211&view=cluster_details&protein=5651&show=true									
5724	366.960	2	566.72600	18898.50	N/A				https://gnps.ucsd.edu//ProteoSAFe/result.jsp?task=725ea24314d64c5d841158248f18a211&view=cluster_details&protein=5724&show=true									
5820	369.115	5	567.60220	44321.90	N/A				https://gnps.ucsd.edu//ProteoSAFe/result.jsp?task=725ea24314d64c5d841158248f18a211&view=cluster_details&protein=5820&show=true									
5870	372.101	10	66.73480	26563.90	N/A				https://gnps.ucsd.edu//ProteoSAFe/result.jsp?task=725ea24314d64c5d841158248f18a211&view=cluster_details&protein=5870&show=true	1	OC(=O)C1=CC=C(C=C1)N1N=C(N=C1C1=CC=CC=C1O)C1=CC=CC=C1O	DTXSID1048596				1	OC(=O)C1=CC=C(C=C1)N1N=C(N=C1C1=CC=CC=C1O)C1=CC=CC=C1O	DTXSID1048596
5948	375.291	43	739.92367	468907.00	N/A				https://gnps.ucsd.edu//ProteoSAFe/result.jsp?task=725ea24314d64c5d841158248f18a211&view=cluster_details&protein=5948&show=true	1	C[C@H](CCC(O)=O)[C@H]1CC[C@H]2[C@@H]3CC[C@@H]4C[C@H](O)CC[C@]4(C)[C@H]3CC[C@]12C	DTXSID6020779						
6458	387.181	3	751.07200	36330.40	N/A				https://gnps.ucsd.edu//ProteoSAFe/result.jsp?task=725ea24314d64c5d841158248f18a211&view=cluster_details&protein=6458&show=true									
6459	387.181	7	751.32686	73419.50	N/A				https://gnps.ucsd.edu//ProteoSAFe/result.jsp?task=725ea24314d64c5d841158248f18a211&view=cluster_details&protein=6459&show=true									
6463	387.181	25	820.66096	187484.00	N/A				https://gnps.ucsd.edu//ProteoSAFe/result.jsp?task=725ea24314d64c5d841158248f18a211&view=cluster_details&protein=6463&show=true									
6516	389.075	29	817.51090	716822.00	N/A				https://gnps.ucsd.edu//ProteoSAFe/result.jsp?task=725ea24314d64c5d841158248f18a211&view=cluster_details&protein=6516&show=true	1	CC1(C)C(C=C(Cl)Cl)C1C(=O)OCC1=CC(OC2=CC=CC=C2)=CC=C1	DTXSID8022292				1	CC1(C)C(C=C(Cl)Cl)C1C(=O)OCC1=CC(OC2=CC=CC=C2)=CC=C1	DTXSID8022292
6519	389.075	7	834.68757	67126.90	N/A				https://gnps.ucsd.edu//ProteoSAFe/result.jsp?task=725ea24314d64c5d841158248f18a211&view=cluster_details&protein=6519&show=true	1	CC1(C)C(C=C(Cl)Cl)C1C(=O)OCC1=CC(OC2=CC=CC=C2)=CC=C1	DTXSID8022292				1	CC1(C)C(C=C(Cl)Cl)C1C(=O)OCC1=CC(OC2=CC=CC=C2)=CC=C1	DTXSID8022292
6521	389.075	4	847.00200	21751.20	N/A				https://gnps.ucsd.edu//ProteoSAFe/result.jsp?task=725ea24314d64c5d841158248f18a211&view=cluster_details&protein=6521&show=true	1	CC1(C)C(C=C(Cl)Cl)C1C(=O)OCC1=CC(OC2=CC=CC=C2)=CC=C1	DTXSID8022292				1	CC1(C)C(C=C(Cl)Cl)C1C(=O)OCC1=CC(OC2=CC=CC=C2)=CC=C1	DTXSID8022292
6592	389.134	3	506.58300	133679.00	N/A				https://gnps.ucsd.edu//ProteoSAFe/result.jsp?task=725ea24314d64c5d841158248f18a211&view=cluster_details&protein=6592&show=true	1	CNC(=O)C1=CN(N=C1)C1=NC2=C(N=CN2[C@@H]2O[C@H](CO)[C@@H](O)[C@H]2O)C(N)=N1	DTXSID4057712				1	CNC(=O)C1=CN(N=C1)C1=NC2=C(N=CN2[C@@H]2O[C@H](CO)[C@@H](O)[C@H]2O)C(N)=N1	DTXSID4057712
6633	389.134	5	506.44940	287113.00	N/A				https://gnps.ucsd.edu//ProteoSAFe/result.jsp?task=725ea24314d64c5d841158248f18a211&view=cluster_details&protein=6633&show=true	1	CNC(=O)C1=CN(N=C1)C1=NC2=C(N=CN2[C@@H]2O[C@H](CO)[C@@H](O)[C@H]2O)C(N)=N1	DTXSID4057712				1	CNC(=O)C1=CN(N=C1)C1=NC2=C(N=CN2[C@@H]2O[C@H](CO)[C@@H](O)[C@H]2O)C(N)=N1	DTXSID4057712
6720	391.285	7	809.35214	138640.00	N/A				https://gnps.ucsd.edu//ProteoSAFe/result.jsp?task=725ea24314d64c5d841158248f18a211&view=cluster_details&protein=6720&show=true	1	C[C@H](CCC(O)=O)[C@H]1CC[C@H]2[C@@H]3[C@@H](O)C[C@@H]4C[C@H](O)CC[C@]4(C)[C@H]3CC[C@]12C	DTXSID6023731				1	C[C@H](CCC(O)=O)[C@H]1CC[C@H]2[C@@H]3[C@@H](O)C[C@@H]4C[C@H](O)CC[C@]4(C)[C@H]3CC[C@]12C	DTXSID6023731
6722	391.285	10	835.44330	224486.00	N/A				https://gnps.ucsd.edu//ProteoSAFe/result.jsp?task=725ea24314d64c5d841158248f18a211&view=cluster_details&protein=6722&show=true	1	C[C@H](CCC(O)=O)[C@H]1CC[C@H]2[C@@H]3[C@@H](O)C[C@@H]4C[C@H](O)CC[C@]4(C)[C@H]3CC[C@]12C	DTXSID6023731				1	C[C@H](CCC(O)=O)[C@H]1CC[C@H]2[C@@H]3[C@@H](O)C[C@@H]4C[C@H](O)CC[C@]4(C)[C@H]3CC[C@]12C	DTXSID6023731
7119	403.091	4	860.11625	30161.20	N/A				https://gnps.ucsd.edu//ProteoSAFe/result.jsp?task=725ea24314d64c5d841158248f18a211&view=cluster_details&protein=7119&show=true	1	CC(CC1=CC=C(OCC(O)=O)C=C1)NCC(O)C1=CSC(=N1)C(F)(F)F	DTXSID2047274				1	CC(CC1=CC=C(OCC(O)=O)C=C1)NCC(O)C1=CSC(=N1)C(F)(F)F	DTXSID2047274
7137	403.091	4	836.22600	24455.90	N/A				https://gnps.ucsd.edu//ProteoSAFe/result.jsp?task=725ea24314d64c5d841158248f18a211&view=cluster_details&protein=7137&show=true	1	CC(CC1=CC=C(OCC(O)=O)C=C1)NCC(O)C1=CSC(=N1)C(F)(F)F	DTXSID2047274				1	CC(CC1=CC=C(OCC(O)=O)C=C1)NCC(O)C1=CSC(=N1)C(F)(F)F	DTXSID2047274
7273	409.109	5	19.78300	3747.10	N/A				https://gnps.ucsd.edu//ProteoSAFe/result.jsp?task=725ea24314d64c5d841158248f18a211&view=cluster_details&protein=7273&show=true	0	CC1=CC(=C(C)C=C1O)C1(OS(=O)(=O)C2=C1C=CC=C2)C1=C(C)C=C(O)C(C)=C1	DTXSID8026303				1	CC1=CC(=C(C)C=C1O)C1(OS(=O)(=O)C2=C1C=CC=C2)C1=C(C)C=C(O)C(C)=C1	DTXSID8026303
7309	409.259	12	790.01183	126172.00	N/A				https://gnps.ucsd.edu//ProteoSAFe/result.jsp?task=725ea24314d64c5d841158248f18a211&view=cluster_details&protein=7309&show=true									
7331	409.259	3	792.13100	25125.10	N/A				https://gnps.ucsd.edu//ProteoSAFe/result.jsp?task=725ea24314d64c5d841158248f18a211&view=cluster_details&protein=7331&show=true									
7638	413.002	14	42.97829	45893.60	N/A				https://gnps.ucsd.edu//ProteoSAFe/result.jsp?task=725ea24314d64c5d841158248f18a211&view=cluster_details&protein=7638&show=true	0	CCOC(F)(C(F)(F)C(F)(F)C(F)(F)F)C(F)(C(F)(F)F)C(F)(F)F	DTXSID90870315				1	CCOC(F)(C(F)(F)C(F)(F)C(F)(F)F)C(F)(C(F)(F)F)C(F)(F)F	DTXSID90870315
8112	427.017	15	43.72307	72926.80	N/A				https://gnps.ucsd.edu//ProteoSAFe/result.jsp?task=725ea24314d64c5d841158248f18a211&view=cluster_details&protein=8112&show=true	1	OCCCC(F)(F)C(F)(F)C(F)(F)C(F)(F)C(F)(F)C(F)(F)C(F)(F)F	DTXSID50382621				1	OCCCC(F)(F)C(F)(F)C(F)(F)C(F)(F)C(F)(F)C(F)(F)C(F)(F)F	DTXSID50382621
8398	432.121	15	21.38780	15468.50	N/A				https://gnps.ucsd.edu//ProteoSAFe/result.jsp?task=725ea24314d64c5d841158248f18a211&view=cluster_details&protein=8398&show=true									
8428	433.153	10	22.00840	13341.70	N/A				https://gnps.ucsd.edu//ProteoSAFe/result.jsp?task=725ea24314d64c5d841158248f18a211&view=cluster_details&protein=8428&show=true	1	OCCN1CCN(CC\C=C2\C3=C(SC4=C2C=C(C=C4)C(F)(F)F)C=CC=C3)CC1	DTXSID9046310						
8714	445.332	34	881.83300	923754.00	N/A				https://gnps.ucsd.edu//ProteoSAFe/result.jsp?task=725ea24314d64c5d841158248f18a211&view=cluster_details&protein=8714&show=true	1	CCCCCC(CCC)COC(=O)C1=C(C=CC=C1)C(=O)OCC(CCC)CCCCC	DTXSID5052173				1	CCCCCC(CCC)COC(=O)C1=C(C=CC=C1)C(=O)OCC(CCC)CCCCC	DTXSID5052173
8716	445.332	74	946.16361	3695620.00	N/A				https://gnps.ucsd.edu//ProteoSAFe/result.jsp?task=725ea24314d64c5d841158248f18a211&view=cluster_details&protein=8716&show=true	1	CCCCCC(CCC)COC(=O)C1=C(C=CC=C1)C(=O)OCC(CCC)CCCCC	DTXSID5052173				1	CCCCCC(CCC)COC(=O)C1=C(C=CC=C1)C(=O)OCC(CCC)CCCCC	DTXSID5052173
9174	477.245	24	952.06575	339431.00	N/A				https://gnps.ucsd.edu//ProteoSAFe/result.jsp?task=725ea24314d64c5d841158248f18a211&view=cluster_details&protein=9174&show=true	1.0000000,0.9042956	CCCCC(=O)OCC(=O)[C@H]1[C@H](C)C[C@H]2[C@@H]3C[C@H](F)C4=CC(=O)C=C[C@]4(C)[C@@]3(F)[C@@H](O)C[C@]12C,ClC1=CC2=C(CCC3=C(C=CC=C3)N2CCCN2CCC3(CC2)N2CCCCC2NC3=O)C=C1	DTXSID1048598,DTXSID0048846				1,0.964	CCCCC(=O)OCC(=O)[C@H]1[C@H](C)C[C@H]2[C@@H]3C[C@H](F)C4=CC(=O)C=C[C@]4(C)[C@@]3(F)[C@@H](O)C[C@]12C,ClC1=CC2=C(CCC3=C(C=CC=C3)N2CCCN2CCC3(CC2)N2CCCCC2NC3=O)C=C1	DTXSID1048598,DTXSID0048846
9189	477.245	2	940.76200	16843.20	N/A				https://gnps.ucsd.edu//ProteoSAFe/result.jsp?task=725ea24314d64c5d841158248f18a211&view=cluster_details&protein=9189&show=true	1.0000000,0.9337156	ClC1=CC2=C(CCC3=C(C=CC=C3)N2CCCN2CCC3(CC2)N2CCCCC2NC3=O)C=C1,CCCCC(=O)OCC(=O)[C@H]1[C@H](C)C[C@H]2[C@@H]3C[C@H](F)C4=CC(=O)C=C[C@]4(C)[C@@]3(F)[C@@H](O)C[C@]12C	DTXSID0048846,DTXSID1048598				1,0.975	ClC1=CC2=C(CCC3=C(C=CC=C3)N2CCCN2CCC3(CC2)N2CCCCC2NC3=O)C=C1,CCCCC(=O)OCC(=O)[C@H]1[C@H](C)C[C@H]2[C@@H]3C[C@H](F)C4=CC(=O)C=C[C@]4(C)[C@@]3(F)[C@@H](O)C[C@]12C	DTXSID0048846,DTXSID1048598
9311	485.282	13	852.77692	230476.00	N/A				https://gnps.ucsd.edu//ProteoSAFe/result.jsp?task=725ea24314d64c5d841158248f18a211&view=cluster_details&protein=9311&show=true									
9780	521.080	10	996.25740	695302.00	N/A				https://gnps.ucsd.edu//ProteoSAFe/result.jsp?task=725ea24314d64c5d841158248f18a211&view=cluster_details&protein=9780&show=true									
9781	521.080	13	1006.45831	403645.00	N/A				https://gnps.ucsd.edu//ProteoSAFe/result.jsp?task=725ea24314d64c5d841158248f18a211&view=cluster_details&protein=9781&show=true									
9988	526.286	23	844.95030	297286.00	N/A				https://gnps.ucsd.edu//ProteoSAFe/result.jsp?task=725ea24314d64c5d841158248f18a211&view=cluster_details&protein=9988&show=true	1	CC1=CC=C(C=C1)N1N=C(C=C1NC(=O)NC1=CC=C(OCCN2CCOCC2)C2=C1C=CC=C2)C(C)(C)C	DTXSID2048957						
10027	534.282	3	840.60467	61739.10	N/A				https://gnps.ucsd.edu//ProteoSAFe/result.jsp?task=725ea24314d64c5d841158248f18a211&view=cluster_details&protein=10027&show=true									
10224	552.245	18	372.51383	230883.00	N/A				https://gnps.ucsd.edu//ProteoSAFe/result.jsp?task=725ea24314d64c5d841158248f18a211&view=cluster_details&protein=10224&show=true									
10896	611.541	7	886.89157	116281.00	N/A				https://gnps.ucsd.edu//ProteoSAFe/result.jsp?task=725ea24314d64c5d841158248f18a211&view=cluster_details&protein=10896&show=true									
11035	612.288	13	885.51377	126900.00	N/A				https://gnps.ucsd.edu//ProteoSAFe/result.jsp?task=725ea24314d64c5d841158248f18a211&view=cluster_details&protein=11035&show=true									
11480	681.222	18	715.18844	100936.00	N/A				https://gnps.ucsd.edu//ProteoSAFe/result.jsp?task=725ea24314d64c5d841158248f18a211&view=cluster_details&protein=11480&show=true									
12247	842.588	98	1025.27116	6060960.00	N/A				https://gnps.ucsd.edu//ProteoSAFe/result.jsp?task=725ea24314d64c5d841158248f18a211&view=cluster_details&protein=12247&show=true									
12248	842.588	27	1006.64774	629830.00	N/A				https://gnps.ucsd.edu//ProteoSAFe/result.jsp?task=725ea24314d64c5d841158248f18a211&view=cluster_details&protein=12248&show=true									
12249	842.588	40	1031.20995	1044140.00	N/A				https://gnps.ucsd.edu//ProteoSAFe/result.jsp?task=725ea24314d64c5d841158248f18a211&view=cluster_details&protein=12249&show=true									
12250	843.592	60	1020.96567	2394010.00	N/A				https://gnps.ucsd.edu//ProteoSAFe/result.jsp?task=725ea24314d64c5d841158248f18a211&view=cluster_details&protein=12250&show=true									
12251	843.592	83	1028.69653	2689810.00	N/A				https://gnps.ucsd.edu//ProteoSAFe/result.jsp?task=725ea24314d64c5d841158248f18a211&view=cluster_details&protein=12251&show=true									
12254	857.516	47	1110.52872	1255190.00	N/A				https://gnps.ucsd.edu//ProteoSAFe/result.jsp?task=725ea24314d64c5d841158248f18a211&view=cluster_details&protein=12254&show=true									
12255	857.516	74	1116.70649	2098460.00	N/A				https://gnps.ucsd.edu//ProteoSAFe/result.jsp?task=725ea24314d64c5d841158248f18a211&view=cluster_details&protein=12255&show=true									
12257	857.516	25	1129.38600	712373.00	N/A				https://gnps.ucsd.edu//ProteoSAFe/result.jsp?task=725ea24314d64c5d841158248f18a211&view=cluster_details&protein=12257&show=true									
12787	1095.870	7	1045.47000	77239.00	N/A				https://gnps.ucsd.edu//ProteoSAFe/result.jsp?task=725ea24314d64c5d841158248f18a211&view=cluster_details&protein=12787&show=true									
12862	1095.870	2	1045.26500	28762.40	N/A				https://gnps.ucsd.edu//ProteoSAFe/result.jsp?task=725ea24314d64c5d841158248f18a211&view=cluster_details&protein=12862&show=true									
